seed,name,weapon,gimbal,steering,thruster,chassis,scanner,colour,skewMod,skew,value,weaponNormal,thrusterNormal,steeringNormal,chassisNormal,gimbalNormal,scannerNormal
de185033-3d3b-4e5f-9f8d-5d933e6733e3,Rozuno,4,5,4,3,4,2,4,0,1,0.856,1.000,0.800,0.833,1.000,1.000,0.500
de185033-3d3b-4e5f-9f8d-5d933e6733e3,Veter,4,4,4,0,4,4,4,0,1,0.783,1.000,0.200,0.833,1.000,0.833,0.833
de185033-3d3b-4e5f-9f8d-5d933e6733e3,Lenides v50.84,4,3,2,4,3,2,4,0,1,0.744,1.000,1.000,0.500,0.800,0.667,0.500
de185033-3d3b-4e5f-9f8d-5d933e6733e3,Yalara,1,4,3,3,1,4,4,0,1,0.656,0.400,0.800,0.667,0.400,0.833,0.833
de185033-3d3b-4e5f-9f8d-5d933e6733e3,Qanov Mk XCV,4,3,0,3,4,0,4,0,1,0.634,1.000,0.800,0.167,1.000,0.667,0.167
de185033-3d3b-4e5f-9f8d-5d933e6733e3,Loter Mk LXXII,4,2,3,1,1,2,4,0,1,0.578,1.000,0.400,0.667,0.400,0.500,0.500
b800c21d-0665-4943-8367-bf6804a1af5d,Beter Mk XIX,4,5,4,2,1,0,2,0,1,0.667,1.000,0.600,0.833,0.400,1.000,0.167
b800c21d-0665-4943-8367-bf6804a1af5d,Fotune Mk XIX,4,0,5,0,4,1,2,0,1,0.617,1.000,0.200,1.000,1.000,0.167,0.333
b800c21d-0665-4943-8367-bf6804a1af5d,Menope,0,4,5,1,0,5,2,0,1,0.606,0.200,0.400,1.000,0.200,0.833,1.000
b800c21d-0665-4943-8367-bf6804a1af5d,Iarus v3.33,0,3,4,0,1,4,2,0,1,0.522,0.200,0.200,0.833,0.400,0.667,0.833
b800c21d-0665-4943-8367-bf6804a1af5d,Juthea,4,0,4,0,0,3,2,0,1,0.511,1.000,0.200,0.833,0.200,0.167,0.667
b800c21d-0665-4943-8367-bf6804a1af5d,Zetera,3,3,1,1,0,2,2,0,1,0.483,0.800,0.400,0.333,0.200,0.667,0.500
59f61220-1068-4822-b336-f7aae3f2b6fa,Xulara,2,3,5,4,0,5,0,0,1,0.745,0.600,1.000,1.000,0.200,0.667,1.000
59f61220-1068-4822-b336-f7aae3f2b6fa,Hupra,3,0,2,4,4,1,0,0,1,0.633,0.800,1.000,0.500,1.000,0.167,0.333
59f61220-1068-4822-b336-f7aae3f2b6fa,Tolara v11.61,1,4,1,4,2,2,0,0,1,0.611,0.400,1.000,0.333,0.600,0.833,0.500
59f61220-1068-4822-b336-f7aae3f2b6fa,Duyama,4,2,5,0,1,2,0,0,1,0.600,1.000,0.200,1.000,0.400,0.500,0.500
59f61220-1068-4822-b336-f7aae3f2b6fa,Futis,0,3,2,1,1,5,0,0,1,0.528,0.200,0.400,0.500,0.400,0.667,1.000
59f61220-1068-4822-b336-f7aae3f2b6fa,Lenus Mk LXVI,0,1,5,1,3,0,0,0,1,0.483,0.200,0.400,1.000,0.800,0.333,0.167
6199c2aa-0dba-43e6-9f07-fc1f67e744cc,Bazuno v28.6,4,5,5,2,4,4,1,0,1,0.905,1.000,0.600,1.000,1.000,1.000,0.833
6199c2aa-0dba-43e6-9f07-fc1f67e744cc,Jerus,3,4,2,3,2,4,1,0,1,0.728,0.800,0.800,0.500,0.600,0.833,0.833
6199c2aa-0dba-43e6-9f07-fc1f67e744cc,Dezuno,1,3,5,4,3,1,1,0,1,0.700,0.400,1.000,1.000,0.800,0.667,0.333
6199c2aa-0dba-43e6-9f07-fc1f67e744cc,Yulea,0,5,3,0,3,4,1,0,1,0.617,0.200,0.200,0.667,0.800,1.000,0.833
6199c2aa-0dba-43e6-9f07-fc1f67e744cc,Tustea v27.10,4,5,0,0,3,2,1,0,1,0.611,1.000,0.200,0.167,0.800,1.000,0.500
6199c2aa-0dba-43e6-9f07-fc1f67e744cc,Caruta,0,4,2,2,0,4,1,0,1,0.528,0.200,0.600,0.500,0.200,0.833,0.833
277e757b-141e-4a6d-937a-ca62984abade,Ratov,3,1,1,4,2,4,1,0,1,0.650,0.800,1.000,0.333,0.600,0.333,0.833
277e757b-141e-4a6d-937a-ca62984abade,Xacury,4,1,3,3,2,2,1,0,1,0.650,1.000,0.800,0.667,0.600,0.333,0.500
277e757b-141e-4a6d-937a-ca62984abade,Soter,0,2,5,1,3,5,1,0,1,0.650,0.200,0.400,1.000,0.800,0.500,1.000
277e757b-141e-4a6d-937a-ca62984abade,Buvis,4,2,5,0,0,1,1,0,1,0.539,1.000,0.200,1.000,0.200,0.500,0.333
277e757b-141e-4a6d-937a-ca62984abade,Mutera,1,5,1,1,0,1,1,0,1,0.444,0.400,0.400,0.333,0.200,1.000,0.333
277e757b-141e-4a6d-937a-ca62984abade,Wuruta,1,2,1,1,2,0,1,0,1,0.400,0.400,0.400,0.333,0.600,0.500,0.167
695b6b9a-9c8c-49be-b7cd-beafa00c8e3a,Teter,1,0,1,2,4,5,1,0,1,0.583,0.400,0.600,0.333,1.000,0.167,1.000
695b6b9a-9c8c-49be-b7cd-beafa00c8e3a,Ruter Mk IX,1,2,2,1,4,3,1,0,1,0.578,0.400,0.400,0.500,1.000,0.500,0.667
695b6b9a-9c8c-49be-b7cd-beafa00c8e3a,Tostea,3,4,4,1,1,0,1,0,1,0.572,0.800,0.400,0.833,0.400,0.833,0.167
695b6b9a-9c8c-49be-b7cd-beafa00c8e3a,Rulea v43.40,1,1,5,2,1,1,1,0,1,0.511,0.400,0.600,1.000,0.400,0.333,0.333
695b6b9a-9c8c-49be-b7cd-beafa00c8e3a,Hotune,0,1,5,0,2,3,1,0,1,0.500,0.200,0.200,1.000,0.600,0.333,0.667
695b6b9a-9c8c-49be-b7cd-beafa00c8e3a,Toyama,0,2,3,1,0,4,1,0,1,0.467,0.200,0.400,0.667,0.200,0.500,0.833
f59bc0d9-a8d8-49a9-9857-0975a4036dad,Mebos v47.59,4,3,5,4,4,1,3,0,1,0.833,1.000,1.000,1.000,1.000,0.667,0.333
f59bc0d9-a8d8-49a9-9857-0975a4036dad,Zatune,3,4,4,0,3,0,3,0,1,0.606,0.800,0.200,0.833,0.800,0.833,0.167
f59bc0d9-a8d8-49a9-9857-0975a4036dad,Foyama,3,2,2,3,1,2,3,0,1,0.583,0.800,0.800,0.500,0.400,0.500,0.500
f59bc0d9-a8d8-49a9-9857-0975a4036dad,Renia,3,4,2,2,1,0,3,0,1,0.550,0.800,0.600,0.500,0.400,0.833,0.167
f59bc0d9-a8d8-49a9-9857-0975a4036dad,Zetune,1,2,2,3,1,2,3,0,1,0.517,0.400,0.800,0.500,0.400,0.500,0.500
f59bc0d9-a8d8-49a9-9857-0975a4036dad,Boria,0,2,2,2,0,2,3,0,1,0.417,0.200,0.600,0.500,0.200,0.500,0.500
ea4ef69c-f823-432d-abe6-8d497da6b5cc,Wuwei,4,2,5,1,3,2,5,0,1,0.700,1.000,0.400,1.000,0.800,0.500,0.500
ea4ef69c-f823-432d-abe6-8d497da6b5cc,Fonia,0,5,5,1,3,3,5,0,1,0.678,0.200,0.400,1.000,0.800,1.000,0.667
ea4ef69c-f823-432d-abe6-8d497da6b5cc,Bostea,2,0,5,2,2,5,5,0,1,0.661,0.600,0.600,1.000,0.600,0.167,1.000
ea4ef69c-f823-432d-abe6-8d497da6b5cc,Yawei,3,2,3,2,4,1,5,0,1,0.650,0.800,0.600,0.667,1.000,0.500,0.333
ea4ef69c-f823-432d-abe6-8d497da6b5cc,Hunope,3,4,1,0,3,0,5,0,1,0.522,0.800,0.200,0.333,0.800,0.833,0.167
ea4ef69c-f823-432d-abe6-8d497da6b5cc,Vobos Mk LXXII,0,1,2,0,0,4,5,0,1,0.378,0.200,0.200,0.500,0.200,0.333,0.833
4f267fa5-85ca-44dc-ae0a-07b6d6815ab5,Galiv v14.52,4,4,4,1,3,3,0,0,1,0.755,1.000,0.400,0.833,0.800,0.833,0.667
4f267fa5-85ca-44dc-ae0a-07b6d6815ab5,Logantu,3,1,5,3,4,2,0,0,1,0.739,0.800,0.800,1.000,1.000,0.333,0.500
4f267fa5-85ca-44dc-ae0a-07b6d6815ab5,Tanides v10.24,3,4,1,3,1,2,0,0,1,0.611,0.800,0.800,0.333,0.400,0.833,0.500
4f267fa5-85ca-44dc-ae0a-07b6d6815ab5,Vucury,3,0,2,4,0,4,0,0,1,0.583,0.800,1.000,0.500,0.200,0.167,0.833
4f267fa5-85ca-44dc-ae0a-07b6d6815ab5,Lohines v27.31,0,4,0,2,3,4,0,0,1,0.572,0.200,0.600,0.167,0.800,0.833,0.833
4f267fa5-85ca-44dc-ae0a-07b6d6815ab5,Vovis Mk XCIV,0,0,1,0,2,3,0,0,1,0.361,0.200,0.200,0.333,0.600,0.167,0.667
f96f1fe8-1bf2-4146-9792-71f142c180e1,Jatera,4,3,2,2,2,0,3,0,1,0.589,1.000,0.600,0.500,0.600,0.667,0.167
f96f1fe8-1bf2-4146-9792-71f142c180e1,Sathea,1,4,4,3,0,1,3,0,1,0.567,0.400,0.800,0.833,0.200,0.833,0.333
f96f1fe8-1bf2-4146-9792-71f142c180e1,Facury,2,3,3,0,3,1,3,0,1,0.545,0.600,0.200,0.667,0.800,0.667,0.333
f96f1fe8-1bf2-4146-9792-71f142c180e1,Cenov,1,1,2,1,2,4,3,0,1,0.511,0.400,0.400,0.500,0.600,0.333,0.833
f96f1fe8-1bf2-4146-9792-71f142c180e1,Xomia,3,3,1,1,2,0,3,0,1,0.494,0.800,0.400,0.333,0.600,0.667,0.167
f96f1fe8-1bf2-4146-9792-71f142c180e1,Jumia,1,0,2,4,0,3,3,0,1,0.489,0.400,1.000,0.500,0.200,0.167,0.667
1f209dda-de7b-40dc-991e-0d3364e66066,Lehines,4,3,4,4,1,3,1,0,1,0.761,1.000,1.000,0.833,0.400,0.667,0.667
1f209dda-de7b-40dc-991e-0d3364e66066,Futis v26.5,3,4,5,3,0,3,1,0,1,0.717,0.800,0.800,1.000,0.200,0.833,0.667
1f209dda-de7b-40dc-991e-0d3364e66066,Johines,1,0,4,3,1,4,1,0,1,0.572,0.400,0.800,0.833,0.400,0.167,0.833
1f209dda-de7b-40dc-991e-0d3364e66066,Nethea,1,4,3,4,0,0,1,0,1,0.545,0.400,1.000,0.667,0.200,0.833,0.167
1f209dda-de7b-40dc-991e-0d3364e66066,Negantu,2,2,0,1,3,3,1,0,1,0.522,0.600,0.400,0.167,0.800,0.500,0.667
1f209dda-de7b-40dc-991e-0d3364e66066,Zaturn,0,5,0,2,2,2,1,0,1,0.511,0.200,0.600,0.167,0.600,1.000,0.500
10f4854f-1dab-45b6-9017-ad5e38f8665f,Kunerth,1,2,0,4,4,4,3,0,1,0.650,0.400,1.000,0.167,1.000,0.500,0.833
10f4854f-1dab-45b6-9017-ad5e38f8665f,Ioria,3,0,5,2,0,5,3,0,1,0.628,0.800,0.600,1.000,0.200,0.167,1.000
10f4854f-1dab-45b6-9017-ad5e38f8665f,Xalia,0,1,3,3,2,3,3,0,1,0.545,0.200,0.800,0.667,0.600,0.333,0.667
10f4854f-1dab-45b6-9017-ad5e38f8665f,Qunides,0,0,4,3,3,1,3,0,1,0.522,0.200,0.800,0.833,0.800,0.167,0.333
10f4854f-1dab-45b6-9017-ad5e38f8665f,Keter Mk LII,4,2,1,1,0,3,3,0,1,0.517,1.000,0.400,0.333,0.200,0.500,0.667
10f4854f-1dab-45b6-9017-ad5e38f8665f,Nolara,1,5,0,3,1,0,3,0,1,0.489,0.400,0.800,0.167,0.400,1.000,0.167
701cc025-8403-4b86-958c-551e945ed2b4,Zustea,4,1,3,4,3,3,4,0,1,0.744,1.000,1.000,0.667,0.800,0.333,0.667
701cc025-8403-4b86-958c-551e945ed2b4,Woturn,0,4,5,4,3,2,4,0,1,0.722,0.200,1.000,1.000,0.800,0.833,0.500
701cc025-8403-4b86-958c-551e945ed2b4,Quyama v1.65,3,5,3,3,3,0,4,0,1,0.706,0.800,0.800,0.667,0.800,1.000,0.167
701cc025-8403-4b86-958c-551e945ed2b4,Xotera,4,3,1,4,0,4,4,0,1,0.672,1.000,1.000,0.333,0.200,0.667,0.833
701cc025-8403-4b86-958c-551e945ed2b4,Zobos Mk XCIV,4,1,2,4,3,0,4,0,1,0.633,1.000,1.000,0.500,0.800,0.333,0.167
701cc025-8403-4b86-958c-551e945ed2b4,Qophus,3,5,4,2,0,1,4,0,1,0.628,0.800,0.600,0.833,0.200,1.000,0.333
8416fdbe-2b65-4017-9b03-39c7725ccb49,Gater,3,2,4,4,4,5,1,0,1,0.856,0.800,1.000,0.833,1.000,0.500,1.000
8416fdbe-2b65-4017-9b03-39c7725ccb49,Wobos Mk XLVII,2,3,5,1,3,4,1,0,1,0.717,0.600,0.400,1.000,0.800,0.667,0.833
8416fdbe-2b65-4017-9b03-39c7725ccb49,Destea,2,1,3,1,4,5,1,0,1,0.667,0.600,0.400,0.667,1.000,0.333,1.000
8416fdbe-2b65-4017-9b03-39c7725ccb49,Jetov,1,4,2,4,0,5,1,0,1,0.655,0.400,1.000,0.500,0.200,0.833,1.000
8416fdbe-2b65-4017-9b03-39c7725ccb49,Deruta v24.84,0,5,5,0,2,3,1,0,1,0.611,0.200,0.200,1.000,0.600,1.000,0.667
8416fdbe-2b65-4017-9b03-39c7725ccb49,Iutania,0,1,4,2,3,1,1,0,1,0.517,0.200,0.600,0.833,0.800,0.333,0.333
f4837d03-c2d4-4bab-ba4c-afcf37af36e3,Jotune,4,2,3,4,3,2,5,0,1,0.744,1.000,1.000,0.667,0.800,0.500,0.500
f4837d03-c2d4-4bab-ba4c-afcf37af36e3,Tutis,1,4,5,1,1,5,5,0,1,0.672,0.400,0.400,1.000,0.400,0.833,1.000
f4837d03-c2d4-4bab-ba4c-afcf37af36e3,Ienope,2,2,4,1,4,2,5,0,1,0.639,0.600,0.400,0.833,1.000,0.500,0.500
f4837d03-c2d4-4bab-ba4c-afcf37af36e3,Voliv v12.33,2,2,2,3,2,3,5,0,1,0.611,0.600,0.800,0.500,0.600,0.500,0.667
f4837d03-c2d4-4bab-ba4c-afcf37af36e3,Yeria,3,4,2,0,2,2,5,0,1,0.572,0.800,0.200,0.500,0.600,0.833,0.500
f4837d03-c2d4-4bab-ba4c-afcf37af36e3,Ceturn,2,1,4,3,1,0,5,0,1,0.522,0.600,0.800,0.833,0.400,0.333,0.167
a9061811-e243-4594-9ae2-9790feac757b,Maphus,4,4,1,4,3,5,5,0,1,0.828,1.000,1.000,0.333,0.800,0.833,1.000
a9061811-e243-4594-9ae2-9790feac757b,Tater,3,5,2,0,1,0,5,0,1,0.511,0.800,0.200,0.500,0.400,1.000,0.167
a9061811-e243-4594-9ae2-9790feac757b,Lulia,1,0,2,2,1,5,5,0,1,0.511,0.400,0.600,0.500,0.400,0.167,1.000
a9061811-e243-4594-9ae2-9790feac757b,Iunus,3,2,3,1,0,1,5,0,1,0.483,0.800,0.400,0.667,0.200,0.500,0.333
a9061811-e243-4594-9ae2-9790feac757b,Yanov,3,2,1,0,2,1,5,0,1,0.461,0.800,0.200,0.333,0.600,0.500,0.333
a9061811-e243-4594-9ae2-9790feac757b,Geter,3,3,0,2,0,1,5,0,1,0.461,0.800,0.600,0.167,0.200,0.667,0.333
ae2cd215-ae04-4ea9-92d4-0e24e977f74d,Yeliv,1,2,3,3,4,4,4,0,1,0.700,0.400,0.800,0.667,1.000,0.500,0.833
ae2cd215-ae04-4ea9-92d4-0e24e977f74d,Cowei Mk LXX,4,0,5,1,0,1,4,0,1,0.517,1.000,0.400,1.000,0.200,0.167,0.333
ae2cd215-ae04-4ea9-92d4-0e24e977f74d,Kotis,0,3,5,2,1,0,4,0,1,0.506,0.200,0.600,1.000,0.400,0.667,0.167
ae2cd215-ae04-4ea9-92d4-0e24e977f74d,Hotov,1,1,1,3,3,1,4,0,1,0.500,0.400,0.800,0.333,0.800,0.333,0.333
ae2cd215-ae04-4ea9-92d4-0e24e977f74d,Mothea Mk VIII,0,0,5,3,1,1,4,0,1,0.483,0.200,0.800,1.000,0.400,0.167,0.333
ae2cd215-ae04-4ea9-92d4-0e24e977f74d,Manides,0,1,1,3,0,5,4,0,1,0.478,0.200,0.800,0.333,0.200,0.333,1.000
962a9ec6-78e7-4ca6-b37f-b5939e3dfc7e,Nalea,4,5,1,2,2,2,3,0,1,0.672,1.000,0.600,0.333,0.600,1.000,0.500
962a9ec6-78e7-4ca6-b37f-b5939e3dfc7e,Sarilia,1,0,5,4,3,1,3,0,1,0.617,0.400,1.000,1.000,0.800,0.167,0.333
962a9ec6-78e7-4ca6-b37f-b5939e3dfc7e,Navis v1.44,4,2,2,0,2,4,3,0,1,0.606,1.000,0.200,0.500,0.600,0.500,0.833
962a9ec6-78e7-4ca6-b37f-b5939e3dfc7e,Lutov,4,0,5,1,3,0,3,0,1,0.589,1.000,0.400,1.000,0.800,0.167,0.167
962a9ec6-78e7-4ca6-b37f-b5939e3dfc7e,Derilia v35.46,2,3,0,3,2,2,3,0,1,0.556,0.600,0.800,0.167,0.600,0.667,0.500
962a9ec6-78e7-4ca6-b37f-b5939e3dfc7e,Zeter,1,1,1,2,3,2,3,0,1,0.494,0.400,0.600,0.333,0.800,0.333,0.500
0526f4ab-ebf6-4389-bca9-5cebb0a34b93,Belara,3,5,3,3,4,2,1,0,1,0.795,0.800,0.800,0.667,1.000,1.000,0.500
0526f4ab-ebf6-4389-bca9-5cebb0a34b93,Hatis,3,0,4,4,3,4,1,0,1,0.739,0.800,1.000,0.833,0.800,0.167,0.833
0526f4ab-ebf6-4389-bca9-5cebb0a34b93,Runov,3,0,5,2,1,5,1,0,1,0.661,0.800,0.600,1.000,0.400,0.167,1.000
0526f4ab-ebf6-4389-bca9-5cebb0a34b93,Vemia,0,3,5,1,4,0,1,0,1,0.572,0.200,0.400,1.000,1.000,0.667,0.167
0526f4ab-ebf6-4389-bca9-5cebb0a34b93,Vuhines,0,2,3,3,3,0,1,0,1,0.522,0.200,0.800,0.667,0.800,0.500,0.167
0526f4ab-ebf6-4389-bca9-5cebb0a34b93,Yutov,4,5,1,0,0,0,1,0,1,0.483,1.000,0.200,0.333,0.200,1.000,0.167
ba410eb7-5965-4c92-878d-40a351e952ac,Huter,0,5,3,4,4,2,5,0,1,0.728,0.200,1.000,0.667,1.000,1.000,0.500
ba410eb7-5965-4c92-878d-40a351e952ac,Vuclite,4,0,1,4,4,1,5,0,1,0.639,1.000,1.000,0.333,1.000,0.167,0.333
ba410eb7-5965-4c92-878d-40a351e952ac,Xeyama,1,2,5,2,1,4,5,0,1,0.622,0.400,0.600,1.000,0.400,0.500,0.833
ba410eb7-5965-4c92-878d-40a351e952ac,Fohiri,0,4,0,2,3,4,5,0,1,0.572,0.200,0.600,0.167,0.800,0.833,0.833
ba410eb7-5965-4c92-878d-40a351e952ac,Wanerth,2,0,2,3,4,1,5,0,1,0.567,0.600,0.800,0.500,1.000,0.167,0.333
ba410eb7-5965-4c92-878d-40a351e952ac,Jaturn Mk XIII,1,2,4,1,1,3,5,0,1,0.533,0.400,0.400,0.833,0.400,0.500,0.667
f1fdb7eb-cd88-49de-8b2b-53465483a61e,Iunov v49.36,4,2,3,4,3,3,0,0,1,0.772,1.000,1.000,0.667,0.800,0.500,0.667
f1fdb7eb-cd88-49de-8b2b-53465483a61e,Kenov,3,2,3,4,3,2,0,0,1,0.711,0.800,1.000,0.667,0.800,0.500,0.500
f1fdb7eb-cd88-49de-8b2b-53465483a61e,Yonia,3,4,3,0,3,3,0,0,1,0.661,0.800,0.200,0.667,0.800,0.833,0.667
f1fdb7eb-cd88-49de-8b2b-53465483a61e,Qeliv,0,5,0,3,3,2,0,0,1,0.578,0.200,0.800,0.167,0.800,1.000,0.500
f1fdb7eb-cd88-49de-8b2b-53465483a61e,Yagantu Mk LXXX,0,4,0,0,3,5,0,0,1,0.533,0.200,0.200,0.167,0.800,0.833,1.000
f1fdb7eb-cd88-49de-8b2b-53465483a61e,Juhines,0,1,0,0,4,5,0,0,1,0.483,0.200,0.200,0.167,1.000,0.333,1.000
8207a3c2-ae7d-4634-9e0e-334ce48cf404,Ponope Mk XLII,2,1,5,4,3,4,3,0,1,0.761,0.600,1.000,1.000,0.800,0.333,0.833
8207a3c2-ae7d-4634-9e0e-334ce48cf404,Jugantu Mk XXXV,1,4,4,1,3,4,3,0,1,0.683,0.400,0.400,0.833,0.800,0.833,0.833
8207a3c2-ae7d-4634-9e0e-334ce48cf404,Jehines,3,3,5,0,3,0,3,0,1,0.606,0.800,0.200,1.000,0.800,0.667,0.167
8207a3c2-ae7d-4634-9e0e-334ce48cf404,Lanerth,1,4,2,1,3,2,3,0,1,0.572,0.400,0.400,0.500,0.800,0.833,0.500
8207a3c2-ae7d-4634-9e0e-334ce48cf404,Sugawa,2,2,2,3,0,4,3,0,1,0.572,0.600,0.800,0.500,0.200,0.500,0.833
8207a3c2-ae7d-4634-9e0e-334ce48cf404,Xehines,0,1,2,2,4,0,3,0,1,0.467,0.200,0.600,0.500,1.000,0.333,0.167
d18e4f24-04db-4893-b2f6-0c2790351a91,Botania,3,2,5,4,4,3,3,0,1,0.828,0.800,1.000,1.000,1.000,0.500,0.667
d18e4f24-04db-4893-b2f6-0c2790351a91,Jugantu v47.79,1,2,4,3,3,5,3,0,1,0.722,0.400,0.800,0.833,0.800,0.500,1.000
d18e4f24-04db-4893-b2f6-0c2790351a91,Tatera,2,4,5,2,0,1,3,0,1,0.594,0.600,0.600,1.000,0.200,0.833,0.333
d18e4f24-04db-4893-b2f6-0c2790351a91,Noria v38.39,4,4,0,3,0,2,3,0,1,0.583,1.000,0.800,0.167,0.200,0.833,0.500
d18e4f24-04db-4893-b2f6-0c2790351a91,Cathea,2,2,0,3,1,3,3,0,1,0.522,0.600,0.800,0.167,0.400,0.500,0.667
d18e4f24-04db-4893-b2f6-0c2790351a91,Vutania,2,0,5,2,0,1,3,0,1,0.483,0.600,0.600,1.000,0.200,0.167,0.333
fa3b09f3-4812-4a64-bfb1-eb85fe2097a1,Juvis,4,5,2,3,4,0,5,0,1,0.744,1.000,0.800,0.500,1.000,1.000,0.167
fa3b09f3-4812-4a64-bfb1-eb85fe2097a1,Tenerth v8.97,4,2,3,4,1,4,5,0,1,0.733,1.000,1.000,0.667,0.400,0.500,0.833
fa3b09f3-4812-4a64-bfb1-eb85fe2097a1,Later v5.81,3,5,1,4,0,5,5,0,1,0.722,0.800,1.000,0.333,0.200,1.000,1.000
fa3b09f3-4812-4a64-bfb1-eb85fe2097a1,Dumia,1,3,4,3,3,2,5,0,1,0.667,0.400,0.800,0.833,0.800,0.667,0.500
fa3b09f3-4812-4a64-bfb1-eb85fe2097a1,Raria,1,5,1,4,1,1,5,0,1,0.578,0.400,1.000,0.333,0.400,1.000,0.333
fa3b09f3-4812-4a64-bfb1-eb85fe2097a1,Ganus v14.54,4,1,3,2,0,0,5,0,1,0.495,1.000,0.600,0.667,0.200,0.333,0.167
b15f50f2-19c2-4072-81be-eff7f6cad38a,Rethea,2,4,5,4,3,4,5,0,1,0.844,0.600,1.000,1.000,0.800,0.833,0.833
b15f50f2-19c2-4072-81be-eff7f6cad38a,Neria,0,5,3,3,3,5,5,0,1,0.745,0.200,0.800,0.667,0.800,1.000,1.000
b15f50f2-19c2-4072-81be-eff7f6cad38a,Cegawa,3,0,0,4,4,3,5,0,1,0.634,0.800,1.000,0.167,1.000,0.167,0.667
b15f50f2-19c2-4072-81be-eff7f6cad38a,Totania,1,2,1,3,4,3,5,0,1,0.617,0.400,0.800,0.333,1.000,0.500,0.667
b15f50f2-19c2-4072-81be-eff7f6cad38a,Ceclite,0,2,5,2,4,1,5,0,1,0.606,0.200,0.600,1.000,1.000,0.500,0.333
b15f50f2-19c2-4072-81be-eff7f6cad38a,Manus,1,1,3,3,4,0,5,0,1,0.561,0.400,0.800,0.667,1.000,0.333,0.167
b6096902-c58f-4593-95d3-b0583810a7ea,Xenus,4,1,2,4,3,5,3,0,1,0.772,1.000,1.000,0.500,0.800,0.333,1.000
b6096902-c58f-4593-95d3-b0583810a7ea,Mater,1,4,3,4,4,1,3,0,1,0.706,0.400,1.000,0.667,1.000,0.833,0.333
b6096902-c58f-4593-95d3-b0583810a7ea,Necury,4,1,5,4,2,0,3,0,1,0.683,1.000,1.000,1.000,0.600,0.333,0.167
b6096902-c58f-4593-95d3-b0583810a7ea,Petera,0,3,2,4,0,5,3,0,1,0.595,0.200,1.000,0.500,0.200,0.667,1.000
b6096902-c58f-4593-95d3-b0583810a7ea,Muhines,1,5,1,1,1,1,3,0,1,0.478,0.400,0.400,0.333,0.400,1.000,0.333
b6096902-c58f-4593-95d3-b0583810a7ea,Yotis,0,0,0,1,0,5,3,0,1,0.356,0.200,0.400,0.167,0.200,0.167,1.000
33c3ac05-d0f0-4638-a3f3-25ff0f381b4f,Seyama,4,4,2,3,2,4,1,0,1,0.761,1.000,0.800,0.500,0.600,0.833,0.833
33c3ac05-d0f0-4638-a3f3-25ff0f381b4f,Mopra,4,1,5,3,3,2,1,0,1,0.739,1.000,0.800,1.000,0.800,0.333,0.500
33c3ac05-d0f0-4638-a3f3-25ff0f381b4f,Famia,4,5,1,0,3,2,1,0,1,0.639,1.000,0.200,0.333,0.800,1.000,0.500
33c3ac05-d0f0-4638-a3f3-25ff0f381b4f,Laliv,1,2,2,4,4,0,1,0,1,0.594,0.400,1.000,0.500,1.000,0.500,0.167
33c3ac05-d0f0-4638-a3f3-25ff0f381b4f,Rastea,1,2,4,0,4,0,1,0,1,0.517,0.400,0.200,0.833,1.000,0.500,0.167
33c3ac05-d0f0-4638-a3f3-25ff0f381b4f,Iunerth Mk LXIII,2,0,2,1,3,2,1,0,1,0.494,0.600,0.400,0.500,0.800,0.167,0.500
af7baf50-086d-4415-ad61-e265857cdb13,Horus,4,5,0,1,3,0,1,0,1,0.589,1.000,0.400,0.167,0.800,1.000,0.167
af7baf50-086d-4415-ad61-e265857cdb13,Genus,0,1,3,2,3,4,1,0,1,0.572,0.200,0.600,0.667,0.800,0.333,0.833
af7baf50-086d-4415-ad61-e265857cdb13,Qeyama,0,2,2,2,2,3,1,0,1,0.511,0.200,0.600,0.500,0.600,0.500,0.667
af7baf50-086d-4415-ad61-e265857cdb13,Reter Mk L,1,2,5,0,3,0,1,0,1,0.511,0.400,0.200,1.000,0.800,0.500,0.167
af7baf50-086d-4415-ad61-e265857cdb13,Sonov,2,3,0,1,3,0,1,0,1,0.467,0.600,0.400,0.167,0.800,0.667,0.167
af7baf50-086d-4415-ad61-e265857cdb13,Logawa,1,5,1,0,1,0,1,0,1,0.417,0.400,0.200,0.333,0.400,1.000,0.167
2b5ef083-9ffe-4e5c-8ffb-0adb10ce4c9b,Mater,4,0,3,4,4,4,5,0,1,0.778,1.000,1.000,0.667,1.000,0.167,0.833
2b5ef083-9ffe-4e5c-8ffb-0adb10ce4c9b,Butania Mk LXXXIII,0,5,5,0,3,5,5,0,1,0.700,0.200,0.200,1.000,0.800,1.000,1.000
2b5ef083-9ffe-4e5c-8ffb-0adb10ce4c9b,Yonides,2,4,3,2,3,3,5,0,1,0.695,0.600,0.600,0.667,0.800,0.833,0.667
2b5ef083-9ffe-4e5c-8ffb-0adb10ce4c9b,Zanus,1,2,2,4,1,3,5,0,1,0.578,0.400,1.000,0.500,0.400,0.500,0.667
2b5ef083-9ffe-4e5c-8ffb-0adb10ce4c9b,Nepra Mk XCIII,0,4,0,3,0,4,5,0,1,0.506,0.200,0.800,0.167,0.200,0.833,0.833
2b5ef083-9ffe-4e5c-8ffb-0adb10ce4c9b,Tonia,1,1,0,0,1,5,5,0,1,0.417,0.400,0.200,0.167,0.400,0.333,1.000
28ddf04b-9b4c-4795-bb98-44f320870c17,Zewei,3,4,2,3,2,5,5,0,1,0.756,0.800,0.800,0.500,0.600,0.833,1.000
28ddf04b-9b4c-4795-bb98-44f320870c17,Suter,2,4,3,2,0,4,5,0,1,0.622,0.600,0.600,0.667,0.200,0.833,0.833
28ddf04b-9b4c-4795-bb98-44f320870c17,Buyama,0,0,1,3,2,5,5,0,1,0.517,0.200,0.800,0.333,0.600,0.167,1.000
28ddf04b-9b4c-4795-bb98-44f320870c17,Devis,2,1,1,0,3,3,5,0,1,0.489,0.600,0.200,0.333,0.800,0.333,0.667
28ddf04b-9b4c-4795-bb98-44f320870c17,Xuhiri v17.89,1,3,1,3,0,2,5,0,1,0.483,0.400,0.800,0.333,0.200,0.667,0.500
28ddf04b-9b4c-4795-bb98-44f320870c17,Ioruta,1,1,0,1,3,2,5,0,1,0.433,0.400,0.400,0.167,0.800,0.333,0.500
2ad30c33-6563-4e78-bd82-fc947ee14b36,Doturn,4,0,3,4,4,1,5,0,1,0.695,1.000,1.000,0.667,1.000,0.167,0.333
2ad30c33-6563-4e78-bd82-fc947ee14b36,Zulia,0,3,4,2,4,3,5,0,1,0.661,0.200,0.600,0.833,1.000,0.667,0.667
2ad30c33-6563-4e78-bd82-fc947ee14b36,Vonov,0,2,5,3,2,3,5,0,1,0.628,0.200,0.800,1.000,0.600,0.500,0.667
2ad30c33-6563-4e78-bd82-fc947ee14b36,Tuturn,4,0,5,2,0,2,5,0,1,0.578,1.000,0.600,1.000,0.200,0.167,0.500
2ad30c33-6563-4e78-bd82-fc947ee14b36,Tucarro,3,1,4,1,2,1,5,0,1,0.550,0.800,0.400,0.833,0.600,0.333,0.333
2ad30c33-6563-4e78-bd82-fc947ee14b36,Huturn,1,3,4,1,1,0,5,0,1,0.478,0.400,0.400,0.833,0.400,0.667,0.167
c3202cb5-958a-4daa-9b55-a522238df9e7,Yunope,3,4,2,2,2,5,4,0,1,0.722,0.800,0.600,0.500,0.600,0.833,1.000
c3202cb5-958a-4daa-9b55-a522238df9e7,Roruta v39.78,2,4,3,1,0,2,4,0,1,0.533,0.600,0.400,0.667,0.200,0.833,0.500
c3202cb5-958a-4daa-9b55-a522238df9e7,Setera,4,3,0,3,1,0,4,0,1,0.533,1.000,0.800,0.167,0.400,0.667,0.167
c3202cb5-958a-4daa-9b55-a522238df9e7,Jayama,0,0,5,3,2,0,4,0,1,0.489,0.200,0.800,1.000,0.600,0.167,0.167
c3202cb5-958a-4daa-9b55-a522238df9e7,Mehiri,2,3,0,0,4,0,4,0,1,0.467,0.600,0.200,0.167,1.000,0.667,0.167
c3202cb5-958a-4daa-9b55-a522238df9e7,Botis Mk XXIII,1,0,4,3,0,1,4,0,1,0.456,0.400,0.800,0.833,0.200,0.167,0.333
4363da1a-49ab-4e1a-a2b8-2ecd008bfbe9,Xuturn Mk XXV,2,3,5,3,3,1,1,0,1,0.700,0.600,0.800,1.000,0.800,0.667,0.333
4363da1a-49ab-4e1a-a2b8-2ecd008bfbe9,Nemia,4,0,4,0,3,4,1,0,1,0.639,1.000,0.200,0.833,0.800,0.167,0.833
4363da1a-49ab-4e1a-a2b8-2ecd008bfbe9,Sater,1,3,2,1,4,2,1,0,1,0.578,0.400,0.400,0.500,1.000,0.667,0.500
4363da1a-49ab-4e1a-a2b8-2ecd008bfbe9,Xanerth v32.6,4,5,1,1,0,2,1,0,1,0.572,1.000,0.400,0.333,0.200,1.000,0.500
4363da1a-49ab-4e1a-a2b8-2ecd008bfbe9,Jetune v18.41,0,3,5,3,1,0,1,0,1,0.539,0.200,0.800,1.000,0.400,0.667,0.167
4363da1a-49ab-4e1a-a2b8-2ecd008bfbe9,Kenerth,2,2,3,0,0,0,1,0,1,0.389,0.600,0.200,0.667,0.200,0.500,0.167
452f2adf-4f2d-4de5-a0a7-c0660a432984,Vanus,1,4,5,1,3,5,0,0,1,0.739,0.400,0.400,1.000,0.800,0.833,1.000
452f2adf-4f2d-4de5-a0a7-c0660a432984,Feclite Mk VIII,1,3,5,4,2,2,0,0,1,0.695,0.400,1.000,1.000,0.600,0.667,0.500
452f2adf-4f2d-4de5-a0a7-c0660a432984,Kanope,2,5,4,0,1,1,0,0,1,0.561,0.600,0.200,0.833,0.400,1.000,0.333
452f2adf-4f2d-4de5-a0a7-c0660a432984,Gugawa,3,4,1,0,4,0,0,0,1,0.555,0.800,0.200,0.333,1.000,0.833,0.167
452f2adf-4f2d-4de5-a0a7-c0660a432984,Qoliv,3,2,3,2,0,2,0,0,1,0.545,0.800,0.600,0.667,0.200,0.500,0.500
452f2adf-4f2d-4de5-a0a7-c0660a432984,Meclite Mk LXXXII,1,0,5,1,0,5,0,0,1,0.528,0.400,0.400,1.000,0.200,0.167,1.000
311ecc2a-99e3-4a5c-a686-8b1b80caff28,Raturn,2,5,4,3,2,4,5,0,1,0.778,0.600,0.800,0.833,0.600,1.000,0.833
311ecc2a-99e3-4a5c-a686-8b1b80caff28,Logawa Mk LXXIX,2,3,4,4,4,0,5,0,1,0.711,0.600,1.000,0.833,1.000,0.667,0.167
311ecc2a-99e3-4a5c-a686-8b1b80caff28,Kolara Mk LXXXI,1,5,3,2,3,3,5,0,1,0.689,0.400,0.600,0.667,0.800,1.000,0.667
311ecc2a-99e3-4a5c-a686-8b1b80caff28,Genus,2,4,3,4,1,2,5,0,1,0.667,0.600,1.000,0.667,0.400,0.833,0.500
311ecc2a-99e3-4a5c-a686-8b1b80caff28,Watera Mk LV,2,5,0,2,4,1,5,0,1,0.617,0.600,0.600,0.167,1.000,1.000,0.333
311ecc2a-99e3-4a5c-a686-8b1b80caff28,Wumia,1,3,1,3,1,2,5,0,1,0.517,0.400,0.800,0.333,0.400,0.667,0.500
8072c649-6734-42de-90e9-6c3038f49903,Nuter Mk XVI,4,3,3,0,3,3,1,0,1,0.667,1.000,0.200,0.667,0.800,0.667,0.667
8072c649-6734-42de-90e9-6c3038f49903,Serilia,3,5,0,4,2,0,1,0,1,0.622,0.800,1.000,0.167,0.600,1.000,0.167
8072c649-6734-42de-90e9-6c3038f49903,Qahiri Mk LX,2,3,4,1,3,1,1,0,1,0.606,0.600,0.400,0.833,0.800,0.667,0.333
8072c649-6734-42de-90e9-6c3038f49903,Xotov Mk LXXXIX,3,2,0,3,2,1,1,0,1,0.533,0.800,0.800,0.167,0.600,0.500,0.333
8072c649-6734-42de-90e9-6c3038f49903,Ioyama v41.68,1,0,2,2,4,1,1,0,1,0.500,0.400,0.600,0.500,1.000,0.167,0.333
8072c649-6734-42de-90e9-6c3038f49903,Yenides,4,1,0,1,2,1,1,0,1,0.472,1.000,0.400,0.167,0.600,0.333,0.333
ee75a83d-851d-4cd7-abf5-63e1e4a826e1,Qulea,1,5,4,4,3,1,0,0,1,0.728,0.400,1.000,0.833,0.800,1.000,0.333
ee75a83d-851d-4cd7-abf5-63e1e4a826e1,Mamia,4,2,2,1,3,5,0,0,1,0.700,1.000,0.400,0.500,0.800,0.500,1.000
ee75a83d-851d-4cd7-abf5-63e1e4a826e1,Benides,0,5,3,1,2,3,0,0,1,0.589,0.200,0.400,0.667,0.600,1.000,0.667
ee75a83d-851d-4cd7-abf5-63e1e4a826e1,Koria Mk XII,4,2,2,2,2,0,0,0,1,0.561,1.000,0.600,0.500,0.600,0.500,0.167
ee75a83d-851d-4cd7-abf5-63e1e4a826e1,Tevis,3,0,1,2,2,4,0,0,1,0.555,0.800,0.600,0.333,0.600,0.167,0.833
ee75a83d-851d-4cd7-abf5-63e1e4a826e1,Xanides,4,2,0,0,2,3,0,0,1,0.522,1.000,0.200,0.167,0.600,0.500,0.667
774a2144-6e41-4d00-b997-e761098f1570,Iayama Mk LVIII,1,5,0,2,4,3,5,0,1,0.639,0.400,0.600,0.167,1.000,1.000,0.667
774a2144-6e41-4d00-b997-e761098f1570,Yotis v39.55,4,5,3,0,1,1,5,0,1,0.600,1.000,0.200,0.667,0.400,1.000,0.333
774a2144-6e41-4d00-b997-e761098f1570,Janus,0,5,1,0,4,4,5,0,1,0.594,0.200,0.200,0.333,1.000,1.000,0.833
774a2144-6e41-4d00-b997-e761098f1570,Tutania Mk LXV,1,0,3,3,4,0,5,0,1,0.533,0.400,0.800,0.667,1.000,0.167,0.167
774a2144-6e41-4d00-b997-e761098f1570,Furia,1,4,2,0,3,1,5,0,1,0.511,0.400,0.200,0.500,0.800,0.833,0.333
774a2144-6e41-4d00-b997-e761098f1570,Wonus,0,4,3,1,1,0,5,0,1,0.444,0.200,0.400,0.667,0.400,0.833,0.167
89a5f46a-a0f6-4d88-b54f-716055352e6a,Notera,3,5,3,3,0,5,4,0,1,0.745,0.800,0.800,0.667,0.200,1.000,1.000
89a5f46a-a0f6-4d88-b54f-716055352e6a,Cutera,1,3,5,0,4,5,4,0,1,0.711,0.400,0.200,1.000,1.000,0.667,1.000
89a5f46a-a0f6-4d88-b54f-716055352e6a,Volia,4,5,1,1,4,1,4,0,1,0.678,1.000,0.400,0.333,1.000,1.000,0.333
89a5f46a-a0f6-4d88-b54f-716055352e6a,Voter,0,4,2,4,2,4,4,0,1,0.661,0.200,1.000,0.500,0.600,0.833,0.833
89a5f46a-a0f6-4d88-b54f-716055352e6a,Julea,0,3,4,4,0,3,4,0,1,0.595,0.200,1.000,0.833,0.200,0.667,0.667
89a5f46a-a0f6-4d88-b54f-716055352e6a,Bocarro,1,2,1,1,1,2,4,0,1,0.422,0.400,0.400,0.333,0.400,0.500,0.500
cbf225a7-7914-4507-bd12-3e6e8a43652e,Benov,3,2,5,1,3,2,1,0,1,0.667,0.800,0.400,1.000,0.800,0.500,0.500
cbf225a7-7914-4507-bd12-3e6e8a43652e,Legantu v12.65,2,2,1,1,3,4,1,0,1,0.578,0.600,0.400,0.333,0.800,0.500,0.833
cbf225a7-7914-4507-bd12-3e6e8a43652e,Motis,1,1,3,3,1,2,1,0,1,0.517,0.400,0.800,0.667,0.400,0.333,0.500
cbf225a7-7914-4507-bd12-3e6e8a43652e,Sevis Mk XXIV,3,1,0,3,1,1,1,0,1,0.472,0.800,0.800,0.167,0.400,0.333,0.333
cbf225a7-7914-4507-bd12-3e6e8a43652e,Zebos v49.43,3,1,1,2,0,0,1,0,1,0.405,0.800,0.600,0.333,0.200,0.333,0.167
cbf225a7-7914-4507-bd12-3e6e8a43652e,Gecury,0,0,0,0,1,5,1,0,1,0.356,0.200,0.200,0.167,0.400,0.167,1.000
bf775b66-adc9-4023-8abb-c23949091cb4,Razuno Mk XXXIX,4,0,5,3,4,2,0,0,1,0.744,1.000,0.800,1.000,1.000,0.167,0.500
bf775b66-adc9-4023-8abb-c23949091cb4,Pucury Mk VII,3,3,4,1,0,2,0,0,1,0.567,0.800,0.400,0.833,0.200,0.667,0.500
bf775b66-adc9-4023-8abb-c23949091cb4,Jonides v22.55,4,3,1,0,3,1,0,0,1,0.555,1.000,0.200,0.333,0.800,0.667,0.333
bf775b66-adc9-4023-8abb-c23949091cb4,Sater,1,2,3,2,3,1,0,0,1,0.550,0.400,0.600,0.667,0.800,0.500,0.333
bf775b66-adc9-4023-8abb-c23949091cb4,Mestea,2,2,4,0,1,3,0,0,1,0.533,0.600,0.200,0.833,0.400,0.500,0.667
bf775b66-adc9-4023-8abb-c23949091cb4,Peclite,1,3,1,4,0,1,0,0,1,0.489,0.400,1.000,0.333,0.200,0.667,0.333
ee93096e-93a3-400c-b85a-0e23851cfb9f,Nurus v2.54,0,4,4,3,4,5,5,0,1,0.778,0.200,0.800,0.833,1.000,0.833,1.000
ee93096e-93a3-400c-b85a-0e23851cfb9f,Canov Mk XXXIX,4,0,5,0,3,5,5,0,1,0.695,1.000,0.200,1.000,0.800,0.167,1.000
ee93096e-93a3-400c-b85a-0e23851cfb9f,Iater v37.65,4,3,2,3,0,3,5,0,1,0.639,1.000,0.800,0.500,0.200,0.667,0.667
ee93096e-93a3-400c-b85a-0e23851cfb9f,Yarus,2,5,4,0,3,0,5,0,1,0.600,0.600,0.200,0.833,0.800,1.000,0.167
ee93096e-93a3-400c-b85a-0e23851cfb9f,Yovis,0,2,5,4,1,1,5,0,1,0.572,0.200,1.000,1.000,0.400,0.500,0.333
ee93096e-93a3-400c-b85a-0e23851cfb9f,Nuruta,0,2,3,1,3,2,5,0,1,0.511,0.200,0.400,0.667,0.800,0.500,0.500
b3d0e5b3-3567-4e23-8eeb-d3f26c9f7d1e,Logawa,0,5,5,3,4,5,0,0,1,0.833,0.200,0.800,1.000,1.000,1.000,1.000
b3d0e5b3-3567-4e23-8eeb-d3f26c9f7d1e,Tetis v8.27,3,3,4,3,0,3,0,0,1,0.661,0.800,0.800,0.833,0.200,0.667,0.667
b3d0e5b3-3567-4e23-8eeb-d3f26c9f7d1e,Cetune,0,4,4,3,3,2,0,0,1,0.661,0.200,0.800,0.833,0.800,0.833,0.500
b3d0e5b3-3567-4e23-8eeb-d3f26c9f7d1e,Qepra Mk VI,3,3,0,0,4,4,0,0,1,0.611,0.800,0.200,0.167,1.000,0.667,0.833
b3d0e5b3-3567-4e23-8eeb-d3f26c9f7d1e,Qanides,3,4,2,1,1,2,0,0,1,0.572,0.800,0.400,0.500,0.400,0.833,0.500
b3d0e5b3-3567-4e23-8eeb-d3f26c9f7d1e,Rutania v9.51,0,2,1,1,3,5,0,0,1,0.539,0.200,0.400,0.333,0.800,0.500,1.000
ebc500d2-e707-41be-baf3-96171fd9d697,Gucury Mk XVIII,4,3,4,1,4,4,0,0,1,0.789,1.000,0.400,0.833,1.000,0.667,0.833
ebc500d2-e707-41be-baf3-96171fd9d697,Qephus Mk LV,3,0,1,4,2,4,0,0,1,0.622,0.800,1.000,0.333,0.600,0.167,0.833
ebc500d2-e707-41be-baf3-96171fd9d697,Sestea,4,5,1,0,3,0,0,0,1,0.583,1.000,0.200,0.333,0.800,1.000,0.167
ebc500d2-e707-41be-baf3-96171fd9d697,Tunov Mk XXXIV,4,2,1,0,1,4,0,0,1,0.544,1.000,0.200,0.333,0.400,0.500,0.833
ebc500d2-e707-41be-baf3-96171fd9d697,Feliv,0,3,1,3,1,2,0,0,1,0.483,0.200,0.800,0.333,0.400,0.667,0.500
ebc500d2-e707-41be-baf3-96171fd9d697,Lutania Mk LXXXVIII,0,2,3,3,1,1,0,0,1,0.483,0.200,0.800,0.667,0.400,0.500,0.333
ac6cf250-6fea-4bed-88b0-36946686141d,Ietis v29.91,1,1,5,2,2,5,5,0,1,0.656,0.400,0.600,1.000,0.600,0.333,1.000
ac6cf250-6fea-4bed-88b0-36946686141d,Kuliv v50.99,0,4,4,1,2,5,5,0,1,0.644,0.200,0.400,0.833,0.600,0.833,1.000
ac6cf250-6fea-4bed-88b0-36946686141d,Kothea,0,5,0,4,4,2,5,0,1,0.644,0.200,1.000,0.167,1.000,1.000,0.500
ac6cf250-6fea-4bed-88b0-36946686141d,Yavis,1,2,5,4,0,0,5,0,1,0.544,0.400,1.000,1.000,0.200,0.500,0.167
ac6cf250-6fea-4bed-88b0-36946686141d,Pegawa,0,4,5,0,0,0,5,0,1,0.433,0.200,0.200,1.000,0.200,0.833,0.167
ac6cf250-6fea-4bed-88b0-36946686141d,Zoter,4,1,0,2,0,0,5,0,1,0.411,1.000,0.600,0.167,0.200,0.333,0.167
32afbefe-9970-46d2-9504-9664d19d3ef3,Pacarro,4,0,3,3,3,5,1,0,1,0.739,1.000,0.800,0.667,0.800,0.167,1.000
32afbefe-9970-46d2-9504-9664d19d3ef3,Muclite,0,3,2,2,4,4,1,0,1,0.633,0.200,0.600,0.500,1.000,0.667,0.833
32afbefe-9970-46d2-9504-9664d19d3ef3,Wegantu,4,2,2,2,1,3,1,0,1,0.611,1.000,0.600,0.500,0.400,0.500,0.667
32afbefe-9970-46d2-9504-9664d19d3ef3,Nutania,2,3,1,1,3,4,1,0,1,0.606,0.600,0.400,0.333,0.800,0.667,0.833
32afbefe-9970-46d2-9504-9664d19d3ef3,Donia,1,1,4,0,4,4,1,0,1,0.600,0.400,0.200,0.833,1.000,0.333,0.833
32afbefe-9970-46d2-9504-9664d19d3ef3,Zoruta,1,5,0,0,0,2,1,0,1,0.411,0.400,0.200,0.167,0.200,1.000,0.500
9b884e6f-6b90-4127-a185-158ecccdc5eb,Zubos,4,3,4,2,2,5,3,0,1,0.783,1.000,0.600,0.833,0.600,0.667,1.000
9b884e6f-6b90-4127-a185-158ecccdc5eb,Cunus,3,2,5,4,0,5,3,0,1,0.750,0.800,1.000,1.000,0.200,0.500,1.000
9b884e6f-6b90-4127-a185-158ecccdc5eb,Zatov Mk XXIX,3,4,3,3,1,3,3,0,1,0.695,0.800,0.800,0.667,0.400,0.833,0.667
9b884e6f-6b90-4127-a185-158ecccdc5eb,Cehines,1,0,3,1,2,5,3,0,1,0.539,0.400,0.400,0.667,0.600,0.167,1.000
9b884e6f-6b90-4127-a185-158ecccdc5eb,Zoter Mk XLVIII,1,1,3,2,1,1,3,0,1,0.456,0.400,0.600,0.667,0.400,0.333,0.333
9b884e6f-6b90-4127-a185-158ecccdc5eb,Gowei Mk LI,1,3,1,1,1,2,3,0,1,0.450,0.400,0.400,0.333,0.400,0.667,0.500
bf57f769-6232-4005-9110-796d0dd119a1,Balara,4,3,2,1,2,5,3,0,1,0.695,1.000,0.400,0.500,0.600,0.667,1.000
bf57f769-6232-4005-9110-796d0dd119a1,Bovis,4,5,1,3,1,2,3,0,1,0.672,1.000,0.800,0.333,0.400,1.000,0.500
bf57f769-6232-4005-9110-796d0dd119a1,Qenus Mk XXV,1,2,0,3,4,2,3,0,1,0.561,0.400,0.800,0.167,1.000,0.500,0.500
bf57f769-6232-4005-9110-796d0dd119a1,Mothea,2,0,3,3,2,1,3,0,1,0.528,0.600,0.800,0.667,0.600,0.167,0.333
bf57f769-6232-4005-9110-796d0dd119a1,Doter,0,4,2,1,0,0,3,0,1,0.383,0.200,0.400,0.500,0.200,0.833,0.167
bf57f769-6232-4005-9110-796d0dd119a1,Soclite v3.10,0,2,0,0,2,2,3,0,1,0.361,0.200,0.200,0.167,0.600,0.500,0.500
0d9a1d50-3ae4-4ed4-98e5-80e1eb057354,Verus,1,5,3,4,3,5,1,0,1,0.811,0.400,1.000,0.667,0.800,1.000,1.000
0d9a1d50-3ae4-4ed4-98e5-80e1eb057354,Zetis Mk LXVI,2,4,0,2,4,4,1,0,1,0.672,0.600,0.600,0.167,1.000,0.833,0.833
0d9a1d50-3ae4-4ed4-98e5-80e1eb057354,Xecury,1,1,4,0,3,5,1,0,1,0.594,0.400,0.200,0.833,0.800,0.333,1.000
0d9a1d50-3ae4-4ed4-98e5-80e1eb057354,Loria v35.16,2,3,0,3,2,3,1,0,1,0.583,0.600,0.800,0.167,0.600,0.667,0.667
0d9a1d50-3ae4-4ed4-98e5-80e1eb057354,Wacarro,4,0,4,0,0,3,1,0,1,0.511,1.000,0.200,0.833,0.200,0.167,0.667
0d9a1d50-3ae4-4ed4-98e5-80e1eb057354,Qomia,0,1,5,2,0,2,1,0,1,0.472,0.200,0.600,1.000,0.200,0.333,0.500
ffcfef20-b30f-4254-a8f8-aa5b99e2b48b,Sawei,4,5,4,2,4,3,0,0,1,0.850,1.000,0.600,0.833,1.000,1.000,0.667
ffcfef20-b30f-4254-a8f8-aa5b99e2b48b,Cowei,2,5,5,2,2,5,0,0,1,0.800,0.600,0.600,1.000,0.600,1.000,1.000
ffcfef20-b30f-4254-a8f8-aa5b99e2b48b,Mobos Mk XCII,4,4,1,4,4,1,0,0,1,0.750,1.000,1.000,0.333,1.000,0.833,0.333
ffcfef20-b30f-4254-a8f8-aa5b99e2b48b,Satis Mk IX,2,3,5,3,0,0,0,0,1,0.572,0.600,0.800,1.000,0.200,0.667,0.167
ffcfef20-b30f-4254-a8f8-aa5b99e2b48b,Potera,1,3,3,1,2,3,0,0,1,0.567,0.400,0.400,0.667,0.600,0.667,0.667
ffcfef20-b30f-4254-a8f8-aa5b99e2b48b,Gunia,4,2,0,1,1,2,0,0,1,0.494,1.000,0.400,0.167,0.400,0.500,0.500
6ef9ecca-4765-417e-98da-18af0ddc95f1,Luria,4,2,5,1,3,1,5,0,1,0.672,1.000,0.400,1.000,0.800,0.500,0.333
6ef9ecca-4765-417e-98da-18af0ddc95f1,Wopra,2,2,4,2,3,1,5,0,1,0.611,0.600,0.600,0.833,0.800,0.500,0.333
6ef9ecca-4765-417e-98da-18af0ddc95f1,Bania,3,1,1,2,2,2,5,0,1,0.528,0.800,0.600,0.333,0.600,0.333,0.500
6ef9ecca-4765-417e-98da-18af0ddc95f1,Bacury,1,4,0,1,0,5,5,0,1,0.500,0.400,0.400,0.167,0.200,0.833,1.000
6ef9ecca-4765-417e-98da-18af0ddc95f1,Iorilia,3,1,1,0,1,3,5,0,1,0.456,0.800,0.200,0.333,0.400,0.333,0.667
6ef9ecca-4765-417e-98da-18af0ddc95f1,Bonides,0,2,0,3,1,3,5,0,1,0.456,0.200,0.800,0.167,0.400,0.500,0.667
fff538c4-4ec0-46c8-9a29-f82be319ebe7,Lorilia,3,5,2,4,1,2,0,0,1,0.700,0.800,1.000,0.500,0.400,1.000,0.500
fff538c4-4ec0-46c8-9a29-f82be319ebe7,Vuliv v9.25,2,4,4,0,3,4,0,0,1,0.683,0.600,0.200,0.833,0.800,0.833,0.833
fff538c4-4ec0-46c8-9a29-f82be319ebe7,Gutera v28.82,4,4,3,2,3,0,0,0,1,0.678,1.000,0.600,0.667,0.800,0.833,0.167
fff538c4-4ec0-46c8-9a29-f82be319ebe7,Noliv v22.80,4,1,5,2,1,1,0,0,1,0.611,1.000,0.600,1.000,0.400,0.333,0.333
fff538c4-4ec0-46c8-9a29-f82be319ebe7,Meria,2,1,2,3,0,1,0,0,1,0.461,0.600,0.800,0.500,0.200,0.333,0.333
fff538c4-4ec0-46c8-9a29-f82be319ebe7,Qatania,0,1,0,3,1,2,0,0,1,0.400,0.200,0.800,0.167,0.400,0.333,0.500
31f76dbc-a5d9-4270-bd78-7dd1f7f13972,Keliv,3,5,1,3,1,3,0,0,1,0.667,0.800,0.800,0.333,0.400,1.000,0.667
31f76dbc-a5d9-4270-bd78-7dd1f7f13972,Vunides v48.14,2,2,2,0,3,5,0,0,1,0.600,0.600,0.200,0.500,0.800,0.500,1.000
31f76dbc-a5d9-4270-bd78-7dd1f7f13972,Zorilia,2,0,5,2,4,0,0,0,1,0.589,0.600,0.600,1.000,1.000,0.167,0.167
31f76dbc-a5d9-4270-bd78-7dd1f7f13972,Voyama Mk XXIII,0,2,2,1,3,5,0,0,1,0.567,0.200,0.400,0.500,0.800,0.500,1.000
31f76dbc-a5d9-4270-bd78-7dd1f7f13972,Qustea,3,1,1,3,1,0,0,0,1,0.472,0.800,0.800,0.333,0.400,0.333,0.167
31f76dbc-a5d9-4270-bd78-7dd1f7f13972,Zetania,0,3,3,3,0,0,0,0,1,0.450,0.200,0.800,0.667,0.200,0.667,0.167
ee35e552-984b-489b-a25d-ecc293541893,Sonus,4,3,3,4,4,4,4,0,1,0.861,1.000,1.000,0.667,1.000,0.667,0.833
ee35e552-984b-489b-a25d-ecc293541893,Humia v2.33,3,4,0,4,2,3,4,0,1,0.678,0.800,1.000,0.167,0.600,0.833,0.667
ee35e552-984b-489b-a25d-ecc293541893,Jazuno Mk XCII,3,2,4,2,1,2,4,0,1,0.605,0.800,0.600,0.833,0.400,0.500,0.500
ee35e552-984b-489b-a25d-ecc293541893,Jaruta,3,3,3,2,0,3,4,0,1,0.600,0.800,0.600,0.667,0.200,0.667,0.667
ee35e552-984b-489b-a25d-ecc293541893,Vastea,2,0,1,2,4,1,4,0,1,0.505,0.600,0.600,0.333,1.000,0.167,0.333
ee35e552-984b-489b-a25d-ecc293541893,Gonia,0,0,1,2,2,5,4,0,1,0.483,0.200,0.600,0.333,0.600,0.167,1.000
b3a2f656-6576-4c92-877b-8f90c5e529c4,Iunus,1,5,5,0,1,5,3,0,1,0.667,0.400,0.200,1.000,0.400,1.000,1.000
b3a2f656-6576-4c92-877b-8f90c5e529c4,Genus Mk X,2,1,3,3,4,0,3,0,1,0.595,0.600,0.800,0.667,1.000,0.333,0.167
b3a2f656-6576-4c92-877b-8f90c5e529c4,Jonerth,3,1,2,2,2,3,3,0,1,0.583,0.800,0.600,0.500,0.600,0.333,0.667
b3a2f656-6576-4c92-877b-8f90c5e529c4,Ruwei v23.86,2,1,2,2,4,1,3,0,1,0.561,0.600,0.600,0.500,1.000,0.333,0.333
b3a2f656-6576-4c92-877b-8f90c5e529c4,Baria,2,1,3,0,1,3,3,0,1,0.478,0.600,0.200,0.667,0.400,0.333,0.667
b3a2f656-6576-4c92-877b-8f90c5e529c4,Vothea,0,1,0,1,2,1,3,0,1,0.339,0.200,0.400,0.167,0.600,0.333,0.333
0b83cef3-6834-430f-85fe-d251ef7fa28b,Xuliv,4,3,5,1,4,0,3,0,1,0.706,1.000,0.400,1.000,1.000,0.667,0.167
0b83cef3-6834-430f-85fe-d251ef7fa28b,Juliv,4,5,0,3,0,5,3,0,1,0.695,1.000,0.800,0.167,0.200,1.000,1.000
0b83cef3-6834-430f-85fe-d251ef7fa28b,Sehines,3,5,1,1,2,4,3,0,1,0.661,0.800,0.400,0.333,0.600,1.000,0.833
0b83cef3-6834-430f-85fe-d251ef7fa28b,Qoyama,4,4,0,0,0,2,3,0,1,0.483,1.000,0.200,0.167,0.200,0.833,0.500
0b83cef3-6834-430f-85fe-d251ef7fa28b,Vothea,0,1,1,4,2,0,3,0,1,0.439,0.200,1.000,0.333,0.600,0.333,0.167
0b83cef3-6834-430f-85fe-d251ef7fa28b,Keclite,0,4,0,3,1,0,3,0,1,0.428,0.200,0.800,0.167,0.400,0.833,0.167
15d69732-d847-4933-ae36-93c54e1d7481,Derilia,1,5,2,4,3,0,2,0,1,0.644,0.400,1.000,0.500,0.800,1.000,0.167
15d69732-d847-4933-ae36-93c54e1d7481,Ganerth,4,2,1,4,3,0,2,0,1,0.633,1.000,1.000,0.333,0.800,0.500,0.167
15d69732-d847-4933-ae36-93c54e1d7481,Junia v44.39,0,2,0,4,4,3,2,0,1,0.589,0.200,1.000,0.167,1.000,0.500,0.667
15d69732-d847-4933-ae36-93c54e1d7481,Quvis,3,0,4,3,0,3,2,0,1,0.578,0.800,0.800,0.833,0.200,0.167,0.667
15d69732-d847-4933-ae36-93c54e1d7481,Bovis Mk LXXV,4,2,0,1,0,2,2,0,1,0.461,1.000,0.400,0.167,0.200,0.500,0.500
15d69732-d847-4933-ae36-93c54e1d7481,Zuthea v22.55,0,3,3,0,2,1,2,0,1,0.445,0.200,0.200,0.667,0.600,0.667,0.333
247ea93d-4034-40bd-8f8d-fa56d3195a9d,Funus,4,1,1,4,2,5,2,0,1,0.711,1.000,1.000,0.333,0.600,0.333,1.000
247ea93d-4034-40bd-8f8d-fa56d3195a9d,Varilia,4,5,0,1,1,5,2,0,1,0.661,1.000,0.400,0.167,0.400,1.000,1.000
247ea93d-4034-40bd-8f8d-fa56d3195a9d,Horus,4,4,2,0,4,0,2,0,1,0.617,1.000,0.200,0.500,1.000,0.833,0.167
247ea93d-4034-40bd-8f8d-fa56d3195a9d,Lobos,2,1,2,2,3,1,2,0,1,0.528,0.600,0.600,0.500,0.800,0.333,0.333
247ea93d-4034-40bd-8f8d-fa56d3195a9d,Wurilia,3,0,4,2,0,2,2,0,1,0.517,0.800,0.600,0.833,0.200,0.167,0.500
247ea93d-4034-40bd-8f8d-fa56d3195a9d,Xoria,0,5,1,3,0,1,2,0,1,0.478,0.200,0.800,0.333,0.200,1.000,0.333
60e6b9bf-11ee-45ce-9048-e62b218e5ae4,Heturn,3,4,5,4,1,4,4,0,1,0.811,0.800,1.000,1.000,0.400,0.833,0.833
60e6b9bf-11ee-45ce-9048-e62b218e5ae4,Xuclite,2,2,3,4,4,4,4,0,1,0.767,0.600,1.000,0.667,1.000,0.500,0.833
60e6b9bf-11ee-45ce-9048-e62b218e5ae4,Tuphus,0,2,4,4,3,3,4,0,1,0.667,0.200,1.000,0.833,0.800,0.500,0.667
60e6b9bf-11ee-45ce-9048-e62b218e5ae4,Rapra,1,1,5,3,2,3,4,0,1,0.633,0.400,0.800,1.000,0.600,0.333,0.667
60e6b9bf-11ee-45ce-9048-e62b218e5ae4,Pupra,4,4,0,2,1,3,4,0,1,0.611,1.000,0.600,0.167,0.400,0.833,0.667
60e6b9bf-11ee-45ce-9048-e62b218e5ae4,Qunerth,2,3,1,0,2,0,4,0,1,0.428,0.600,0.200,0.333,0.600,0.667,0.167
7194d85d-0c6b-4d83-85b7-e47270482c65,Pazuno,3,5,3,2,4,5,3,0,1,0.845,0.800,0.600,0.667,1.000,1.000,1.000
7194d85d-0c6b-4d83-85b7-e47270482c65,Yaruta,4,4,1,0,3,4,3,0,1,0.667,1.000,0.200,0.333,0.800,0.833,0.833
7194d85d-0c6b-4d83-85b7-e47270482c65,Ieter,3,2,5,4,0,2,3,0,1,0.667,0.800,1.000,1.000,0.200,0.500,0.500
7194d85d-0c6b-4d83-85b7-e47270482c65,Duhiri Mk XXXII,2,0,1,4,0,1,3,0,1,0.439,0.600,1.000,0.333,0.200,0.167,0.333
7194d85d-0c6b-4d83-85b7-e47270482c65,Xunope,3,0,2,1,0,1,3,0,1,0.400,0.800,0.400,0.500,0.200,0.167,0.333
7194d85d-0c6b-4d83-85b7-e47270482c65,Secarro Mk XXXI,0,0,0,2,2,1,3,0,1,0.345,0.200,0.600,0.167,0.600,0.167,0.333
2b310e81-b13c-42c8-aea1-56daeda5f5d2,Ruter Mk I,3,4,2,4,2,1,2,0,1,0.678,0.800,1.000,0.500,0.600,0.833,0.333
2b310e81-b13c-42c8-aea1-56daeda5f5d2,Peturn,4,5,2,3,1,1,2,0,1,0.672,1.000,0.800,0.500,0.400,1.000,0.333
2b310e81-b13c-42c8-aea1-56daeda5f5d2,Qorus,4,4,3,1,1,1,2,0,1,0.606,1.000,0.400,0.667,0.400,0.833,0.333
2b310e81-b13c-42c8-aea1-56daeda5f5d2,Cucarro v37.25,4,3,1,4,0,1,2,0,1,0.589,1.000,1.000,0.333,0.200,0.667,0.333
2b310e81-b13c-42c8-aea1-56daeda5f5d2,Zehines,1,5,0,2,3,1,2,0,1,0.550,0.400,0.600,0.167,0.800,1.000,0.333
2b310e81-b13c-42c8-aea1-56daeda5f5d2,Bonia,1,2,1,4,0,0,2,0,1,0.433,0.400,1.000,0.333,0.200,0.500,0.167
34854dd3-29c3-4e3d-b485-669efa30da4e,Pegawa,4,3,5,2,3,4,4,0,1,0.817,1.000,0.600,1.000,0.800,0.667,0.833
34854dd3-29c3-4e3d-b485-669efa30da4e,Jaturn,4,1,3,0,2,5,4,0,1,0.633,1.000,0.200,0.667,0.600,0.333,1.000
34854dd3-29c3-4e3d-b485-669efa30da4e,Sehines,0,5,0,1,4,4,4,0,1,0.600,0.200,0.400,0.167,1.000,1.000,0.833
34854dd3-29c3-4e3d-b485-669efa30da4e,Lacarro,1,0,2,1,4,4,4,0,1,0.550,0.400,0.400,0.500,1.000,0.167,0.833
34854dd3-29c3-4e3d-b485-669efa30da4e,Iostea Mk LVIII,4,0,1,0,2,2,4,0,1,0.467,1.000,0.200,0.333,0.600,0.167,0.500
34854dd3-29c3-4e3d-b485-669efa30da4e,Nalia,1,1,0,2,0,3,4,0,1,0.395,0.400,0.600,0.167,0.200,0.333,0.667
d3b40161-c74a-4507-9b19-02ab9a6ab807,Togawa v32.47,3,4,1,4,3,2,0,0,1,0.711,0.800,1.000,0.333,0.800,0.833,0.500
d3b40161-c74a-4507-9b19-02ab9a6ab807,Iamia,0,2,2,4,4,5,0,0,1,0.700,0.200,1.000,0.500,1.000,0.500,1.000
d3b40161-c74a-4507-9b19-02ab9a6ab807,Tobos Mk IV,2,5,0,1,4,3,0,0,1,0.639,0.600,0.400,0.167,1.000,1.000,0.667
d3b40161-c74a-4507-9b19-02ab9a6ab807,Fucury,1,4,1,2,1,5,0,0,1,0.594,0.400,0.600,0.333,0.400,0.833,1.000
d3b40161-c74a-4507-9b19-02ab9a6ab807,Tonia,1,4,0,0,3,4,0,0,1,0.539,0.400,0.200,0.167,0.800,0.833,0.833
d3b40161-c74a-4507-9b19-02ab9a6ab807,Iestea,0,0,0,4,4,2,0,0,1,0.506,0.200,1.000,0.167,1.000,0.167,0.500
81fb15d7-ee8c-4488-877e-0bc818819329,Penides,4,5,2,2,1,3,4,0,1,0.695,1.000,0.600,0.500,0.400,1.000,0.667
81fb15d7-ee8c-4488-877e-0bc818819329,Taturn Mk LXIV,4,0,3,0,4,3,4,0,1,0.617,1.000,0.200,0.667,1.000,0.167,0.667
81fb15d7-ee8c-4488-877e-0bc818819329,Yephus Mk LV,4,2,3,0,2,3,4,0,1,0.606,1.000,0.200,0.667,0.600,0.500,0.667
81fb15d7-ee8c-4488-877e-0bc818819329,Xetania,3,5,2,1,2,0,4,0,1,0.578,0.800,0.400,0.500,0.600,1.000,0.167
81fb15d7-ee8c-4488-877e-0bc818819329,Necury,1,1,5,1,2,2,4,0,1,0.539,0.400,0.400,1.000,0.600,0.333,0.500
81fb15d7-ee8c-4488-877e-0bc818819329,Dozuno Mk LXXVI,3,0,2,0,1,1,4,0,1,0.400,0.800,0.200,0.500,0.400,0.167,0.333
33d4062b-09e8-4eba-8656-8ad8e49607b5,Jatania,4,4,1,3,1,5,4,0,1,0.728,1.000,0.800,0.333,0.400,0.833,1.000
33d4062b-09e8-4eba-8656-8ad8e49607b5,Yarilia Mk I,4,0,0,4,3,4,4,0,1,0.661,1.000,1.000,0.167,0.800,0.167,0.833
33d4062b-09e8-4eba-8656-8ad8e49607b5,Rutania,1,5,1,3,4,1,4,0,1,0.644,0.400,0.800,0.333,1.000,1.000,0.333
33d4062b-09e8-4eba-8656-8ad8e49607b5,Ruhiri,0,2,3,4,3,1,4,0,1,0.583,0.200,1.000,0.667,0.800,0.500,0.333
33d4062b-09e8-4eba-8656-8ad8e49607b5,Sevis,0,1,4,3,1,1,4,0,1,0.483,0.200,0.800,0.833,0.400,0.333,0.333
33d4062b-09e8-4eba-8656-8ad8e49607b5,Yenov Mk LXV,1,5,1,1,0,0,4,0,1,0.417,0.400,0.400,0.333,0.200,1.000,0.167
f5febebf-fa83-46f8-92dc-11ccbe8d1f26,Wevis Mk LXXXII,0,4,5,4,2,1,4,0,1,0.661,0.200,1.000,1.000,0.600,0.833,0.333
f5febebf-fa83-46f8-92dc-11ccbe8d1f26,Guvis,0,5,5,1,0,4,4,0,1,0.606,0.200,0.400,1.000,0.200,1.000,0.833
f5febebf-fa83-46f8-92dc-11ccbe8d1f26,Mogawa,4,4,0,2,3,0,4,0,1,0.595,1.000,0.600,0.167,0.800,0.833,0.167
f5febebf-fa83-46f8-92dc-11ccbe8d1f26,Mothea,3,1,2,2,1,0,4,0,1,0.467,0.800,0.600,0.500,0.400,0.333,0.167
f5febebf-fa83-46f8-92dc-11ccbe8d1f26,Segawa,0,0,2,1,2,4,4,0,1,0.450,0.200,0.400,0.500,0.600,0.167,0.833
f5febebf-fa83-46f8-92dc-11ccbe8d1f26,Jurilia,1,1,3,0,2,0,4,0,1,0.395,0.400,0.200,0.667,0.600,0.333,0.167
a4780158-b48e-40c6-8aed-04f1ae4e9420,Zanus Mk LXXXV,3,4,5,2,2,2,5,0,1,0.722,0.800,0.600,1.000,0.600,0.833,0.500
a4780158-b48e-40c6-8aed-04f1ae4e9420,Wuruta,1,5,0,4,3,3,5,0,1,0.672,0.400,1.000,0.167,0.800,1.000,0.667
a4780158-b48e-40c6-8aed-04f1ae4e9420,Xurilia,0,3,5,0,4,1,5,0,1,0.567,0.200,0.200,1.000,1.000,0.667,0.333
a4780158-b48e-40c6-8aed-04f1ae4e9420,Wenov,2,2,3,1,0,4,5,0,1,0.533,0.600,0.400,0.667,0.200,0.500,0.833
a4780158-b48e-40c6-8aed-04f1ae4e9420,Galia,1,1,2,2,4,0,5,0,1,0.500,0.400,0.600,0.500,1.000,0.333,0.167
a4780158-b48e-40c6-8aed-04f1ae4e9420,Jezuno v48.81,2,0,0,4,0,1,5,0,1,0.411,0.600,1.000,0.167,0.200,0.167,0.333
4fc4abc1-efea-4bae-aafb-6dd488d4efd8,Sanus,1,3,5,3,2,3,0,0,1,0.689,0.400,0.800,1.000,0.600,0.667,0.667
4fc4abc1-efea-4bae-aafb-6dd488d4efd8,Hutania v30.77,4,5,1,2,0,5,0,0,1,0.689,1.000,0.600,0.333,0.200,1.000,1.000
4fc4abc1-efea-4bae-aafb-6dd488d4efd8,Fonus,0,1,3,3,0,4,0,0,1,0.506,0.200,0.800,0.667,0.200,0.333,0.833
4fc4abc1-efea-4bae-aafb-6dd488d4efd8,Wethea,0,3,2,1,1,4,0,0,1,0.500,0.200,0.400,0.500,0.400,0.667,0.833
4fc4abc1-efea-4bae-aafb-6dd488d4efd8,Punia Mk LXXXI,1,5,2,0,0,3,0,0,1,0.494,0.400,0.200,0.500,0.200,1.000,0.667
4fc4abc1-efea-4bae-aafb-6dd488d4efd8,Jeliv,1,1,0,3,0,2,0,0,1,0.400,0.400,0.800,0.167,0.200,0.333,0.500
0d493d68-483b-42b6-9dff-42e2c1cd71aa,Wogawa v48.89,4,0,5,0,4,5,2,0,1,0.728,1.000,0.200,1.000,1.000,0.167,1.000
0d493d68-483b-42b6-9dff-42e2c1cd71aa,Levis,2,4,2,2,0,3,2,0,1,0.567,0.600,0.600,0.500,0.200,0.833,0.667
0d493d68-483b-42b6-9dff-42e2c1cd71aa,Dugawa v34.37,3,0,0,2,2,5,2,0,1,0.556,0.800,0.600,0.167,0.600,0.167,1.000
0d493d68-483b-42b6-9dff-42e2c1cd71aa,Yerilia Mk XCI,3,2,3,3,0,1,2,0,1,0.550,0.800,0.800,0.667,0.200,0.500,0.333
0d493d68-483b-42b6-9dff-42e2c1cd71aa,Noter Mk LXXXVII,0,1,1,4,4,1,2,0,1,0.533,0.200,1.000,0.333,1.000,0.333,0.333
0d493d68-483b-42b6-9dff-42e2c1cd71aa,Nazuno,2,4,3,1,0,1,2,0,1,0.506,0.600,0.400,0.667,0.200,0.833,0.333
eef30276-9a5f-43a5-81c0-197f499bf467,Monus,4,0,5,3,3,1,5,0,1,0.683,1.000,0.800,1.000,0.800,0.167,0.333
eef30276-9a5f-43a5-81c0-197f499bf467,Tulea,3,3,1,2,4,0,5,0,1,0.594,0.800,0.600,0.333,1.000,0.667,0.167
eef30276-9a5f-43a5-81c0-197f499bf467,Jotov v21.51,3,4,0,1,4,1,5,0,1,0.589,0.800,0.400,0.167,1.000,0.833,0.333
eef30276-9a5f-43a5-81c0-197f499bf467,Heturn,1,0,5,4,3,0,5,0,1,0.589,0.400,1.000,1.000,0.800,0.167,0.167
eef30276-9a5f-43a5-81c0-197f499bf467,Naliv Mk LV,3,4,2,0,3,0,5,0,1,0.550,0.800,0.200,0.500,0.800,0.833,0.167
eef30276-9a5f-43a5-81c0-197f499bf467,Tenerth,1,1,1,3,0,2,5,0,1,0.428,0.400,0.800,0.333,0.200,0.333,0.500
80893cab-8ba7-43ed-8780-1b6246c96bb7,Xalia,0,5,0,4,4,4,1,0,1,0.700,0.200,1.000,0.167,1.000,1.000,0.833
80893cab-8ba7-43ed-8780-1b6246c96bb7,Kocarro,1,0,4,4,2,4,1,0,1,0.639,0.400,1.000,0.833,0.600,0.167,0.833
80893cab-8ba7-43ed-8780-1b6246c96bb7,Vehines,0,0,3,1,4,5,1,0,1,0.572,0.200,0.400,0.667,1.000,0.167,1.000
80893cab-8ba7-43ed-8780-1b6246c96bb7,Balia,2,3,1,3,1,2,1,0,1,0.550,0.600,0.800,0.333,0.400,0.667,0.500
80893cab-8ba7-43ed-8780-1b6246c96bb7,Notis,4,2,1,1,0,2,1,0,1,0.489,1.000,0.400,0.333,0.200,0.500,0.500
80893cab-8ba7-43ed-8780-1b6246c96bb7,Feria,1,0,3,0,1,2,1,0,1,0.389,0.400,0.200,0.667,0.400,0.167,0.500
129ab9f9-7fd7-41cd-b614-f6eb7abf7aea,Lastea,1,5,3,3,3,4,4,0,1,0.750,0.400,0.800,0.667,0.800,1.000,0.833
129ab9f9-7fd7-41cd-b614-f6eb7abf7aea,Fenides,4,5,5,3,1,0,4,0,1,0.728,1.000,0.800,1.000,0.400,1.000,0.167
129ab9f9-7fd7-41cd-b614-f6eb7abf7aea,Netania,2,1,3,3,0,4,4,0,1,0.572,0.600,0.800,0.667,0.200,0.333,0.833
129ab9f9-7fd7-41cd-b614-f6eb7abf7aea,Qonus,1,0,5,1,4,1,4,0,1,0.550,0.400,0.400,1.000,1.000,0.167,0.333
129ab9f9-7fd7-41cd-b614-f6eb7abf7aea,Caliv,1,4,4,0,3,0,4,0,1,0.539,0.400,0.200,0.833,0.800,0.833,0.167
129ab9f9-7fd7-41cd-b614-f6eb7abf7aea,Yowei v42.71,1,2,0,3,0,2,4,0,1,0.428,0.400,0.800,0.167,0.200,0.500,0.500
1201ef96-8e55-49cb-b14a-b199f5eadceb,Kohines Mk VII,4,1,5,2,2,0,2,0,1,0.617,1.000,0.600,1.000,0.600,0.333,0.167
1201ef96-8e55-49cb-b14a-b199f5eadceb,Lolia,4,3,2,2,1,2,2,0,1,0.611,1.000,0.600,0.500,0.400,0.667,0.500
1201ef96-8e55-49cb-b14a-b199f5eadceb,Yelia,3,1,5,1,0,3,2,0,1,0.567,0.800,0.400,1.000,0.200,0.333,0.667
1201ef96-8e55-49cb-b14a-b199f5eadceb,Yaclite,4,4,0,2,1,0,2,0,1,0.528,1.000,0.600,0.167,0.400,0.833,0.167
1201ef96-8e55-49cb-b14a-b199f5eadceb,Qulea,3,1,5,0,2,0,2,0,1,0.517,0.800,0.200,1.000,0.600,0.333,0.167
1201ef96-8e55-49cb-b14a-b199f5eadceb,Zenov,4,0,0,0,4,1,2,0,1,0.478,1.000,0.200,0.167,1.000,0.167,0.333
7467c235-2cad-432f-baff-76821e1d1796,Iugantu,4,4,4,1,1,5,0,0,1,0.744,1.000,0.400,0.833,0.400,0.833,1.000
7467c235-2cad-432f-baff-76821e1d1796,Costea,0,5,2,2,3,3,0,0,1,0.628,0.200,0.600,0.500,0.800,1.000,0.667
7467c235-2cad-432f-baff-76821e1d1796,Sowei,1,4,0,4,4,1,0,0,1,0.622,0.400,1.000,0.167,1.000,0.833,0.333
7467c235-2cad-432f-baff-76821e1d1796,Lerilia,1,5,4,0,0,0,0,0,1,0.467,0.400,0.200,0.833,0.200,1.000,0.167
7467c235-2cad-432f-baff-76821e1d1796,Butov v36.22,0,1,0,3,2,2,0,0,1,0.433,0.200,0.800,0.167,0.600,0.333,0.500
7467c235-2cad-432f-baff-76821e1d1796,Doliv,2,0,1,0,1,2,0,0,1,0.367,0.600,0.200,0.333,0.400,0.167,0.500
4d0c1652-112f-433e-aea7-dc37212a240c,Lavis,4,3,5,3,3,3,4,0,1,0.822,1.000,0.800,1.000,0.800,0.667,0.667
4d0c1652-112f-433e-aea7-dc37212a240c,Volea,3,5,2,0,3,3,4,0,1,0.661,0.800,0.200,0.500,0.800,1.000,0.667
4d0c1652-112f-433e-aea7-dc37212a240c,Totania,2,4,5,0,3,2,4,0,1,0.655,0.600,0.200,1.000,0.800,0.833,0.500
4d0c1652-112f-433e-aea7-dc37212a240c,Gulara,4,2,1,0,4,4,4,0,1,0.644,1.000,0.200,0.333,1.000,0.500,0.833
4d0c1652-112f-433e-aea7-dc37212a240c,Zostea Mk XLIV,3,5,1,0,1,4,4,0,1,0.594,0.800,0.200,0.333,0.400,1.000,0.833
4d0c1652-112f-433e-aea7-dc37212a240c,Sehiri Mk LXXVII,0,4,3,0,3,0,4,0,1,0.478,0.200,0.200,0.667,0.800,0.833,0.167
f8cc6b36-41aa-4d45-b84a-2c7e179a13af,Gegantu,2,5,4,3,2,5,4,0,1,0.805,0.600,0.800,0.833,0.600,1.000,1.000
f8cc6b36-41aa-4d45-b84a-2c7e179a13af,Necarro,4,2,4,4,3,1,4,0,1,0.744,1.000,1.000,0.833,0.800,0.500,0.333
f8cc6b36-41aa-4d45-b84a-2c7e179a13af,Xoria,2,5,2,0,4,4,4,0,1,0.689,0.600,0.200,0.500,1.000,1.000,0.833
f8cc6b36-41aa-4d45-b84a-2c7e179a13af,Xahiri,2,5,2,1,2,3,4,0,1,0.628,0.600,0.400,0.500,0.600,1.000,0.667
f8cc6b36-41aa-4d45-b84a-2c7e179a13af,Vaturn,4,0,3,0,3,1,4,0,1,0.528,1.000,0.200,0.667,0.800,0.167,0.333
f8cc6b36-41aa-4d45-b84a-2c7e179a13af,Tutera,2,3,0,3,0,0,4,0,1,0.433,0.600,0.800,0.167,0.200,0.667,0.167
7f15f8e9-47a2-4cf1-a0e3-e2dcbb2b8e00,Feter Mk XX,3,4,2,3,4,4,1,0,1,0.794,0.800,0.800,0.500,1.000,0.833,0.833
7f15f8e9-47a2-4cf1-a0e3-e2dcbb2b8e00,Qeruta,4,1,2,4,2,5,1,0,1,0.739,1.000,1.000,0.500,0.600,0.333,1.000
7f15f8e9-47a2-4cf1-a0e3-e2dcbb2b8e00,Rulia,2,4,5,4,0,3,1,0,1,0.717,0.600,1.000,1.000,0.200,0.833,0.667
7f15f8e9-47a2-4cf1-a0e3-e2dcbb2b8e00,Favis v21.18,2,5,3,4,3,0,1,0,1,0.706,0.600,1.000,0.667,0.800,1.000,0.167
7f15f8e9-47a2-4cf1-a0e3-e2dcbb2b8e00,Lanov,4,3,0,2,0,4,1,0,1,0.578,1.000,0.600,0.167,0.200,0.667,0.833
7f15f8e9-47a2-4cf1-a0e3-e2dcbb2b8e00,Haruta,2,3,1,1,0,2,1,0,1,0.450,0.600,0.400,0.333,0.200,0.667,0.500
4cd513b1-ffa7-4b02-ba64-660af6c4ad76,Kephus Mk XLV,3,5,3,1,4,4,3,0,1,0.783,0.800,0.400,0.667,1.000,1.000,0.833
4cd513b1-ffa7-4b02-ba64-660af6c4ad76,Moria,0,5,2,4,2,4,3,0,1,0.689,0.200,1.000,0.500,0.600,1.000,0.833
4cd513b1-ffa7-4b02-ba64-660af6c4ad76,Xonov,4,0,1,4,4,2,3,0,1,0.667,1.000,1.000,0.333,1.000,0.167,0.500
4cd513b1-ffa7-4b02-ba64-660af6c4ad76,Qeliv,4,0,3,4,2,2,3,0,1,0.656,1.000,1.000,0.667,0.600,0.167,0.500
4cd513b1-ffa7-4b02-ba64-660af6c4ad76,Xutis v16.24,1,4,3,2,4,1,3,0,1,0.639,0.400,0.600,0.667,1.000,0.833,0.333
4cd513b1-ffa7-4b02-ba64-660af6c4ad76,Ieter v47.86,3,1,1,3,1,4,3,0,1,0.583,0.800,0.800,0.333,0.400,0.333,0.833
5fc00d68-c404-41fd-97d7-f01397ee9afc,Iuphus v40.3,1,5,4,4,3,5,4,0,1,0.839,0.400,1.000,0.833,0.800,1.000,1.000
5fc00d68-c404-41fd-97d7-f01397ee9afc,Mubos,1,4,2,4,4,1,4,0,1,0.678,0.400,1.000,0.500,1.000,0.833,0.333
5fc00d68-c404-41fd-97d7-f01397ee9afc,Sarilia,2,2,0,3,4,5,4,0,1,0.678,0.600,0.800,0.167,1.000,0.500,1.000
5fc00d68-c404-41fd-97d7-f01397ee9afc,Nunides,2,2,0,2,4,5,4,0,1,0.644,0.600,0.600,0.167,1.000,0.500,1.000
5fc00d68-c404-41fd-97d7-f01397ee9afc,Mawei,1,5,1,0,3,2,4,0,1,0.539,0.400,0.200,0.333,0.800,1.000,0.500
5fc00d68-c404-41fd-97d7-f01397ee9afc,Peliv Mk XXVII,0,2,2,2,0,5,4,0,1,0.500,0.200,0.600,0.500,0.200,0.500,1.000
d67389fb-da34-404f-97b8-444cdbbe1fe5,Fuvis,3,2,5,1,3,4,1,0,1,0.722,0.800,0.400,1.000,0.800,0.500,0.833
d67389fb-da34-404f-97b8-444cdbbe1fe5,Tonerth,4,0,2,3,4,4,1,0,1,0.717,1.000,0.800,0.500,1.000,0.167,0.833
d67389fb-da34-404f-97b8-444cdbbe1fe5,Votov,3,3,3,3,1,0,1,0,1,0.584,0.800,0.800,0.667,0.400,0.667,0.167
d67389fb-da34-404f-97b8-444cdbbe1fe5,Narilia v49.71,3,1,0,0,4,5,1,0,1,0.583,0.800,0.200,0.167,1.000,0.333,1.000
d67389fb-da34-404f-97b8-444cdbbe1fe5,Qanus,0,0,4,3,4,2,1,0,1,0.583,0.200,0.800,0.833,1.000,0.167,0.500
d67389fb-da34-404f-97b8-444cdbbe1fe5,Wetune,2,0,4,0,2,0,1,0,1,0.428,0.600,0.200,0.833,0.600,0.167,0.167
5910ac8f-a1b2-4a7c-893f-e3ab15a32ff5,Qelara Mk XIX,2,3,4,3,0,5,2,0,1,0.683,0.600,0.800,0.833,0.200,0.667,1.000
5910ac8f-a1b2-4a7c-893f-e3ab15a32ff5,Vater Mk LVII,1,1,3,3,0,5,2,0,1,0.567,0.400,0.800,0.667,0.200,0.333,1.000
5910ac8f-a1b2-4a7c-893f-e3ab15a32ff5,Catania v10.98,2,5,0,3,2,0,2,0,1,0.556,0.600,0.800,0.167,0.600,1.000,0.167
5910ac8f-a1b2-4a7c-893f-e3ab15a32ff5,Levis,1,0,5,0,4,2,2,0,1,0.544,0.400,0.200,1.000,1.000,0.167,0.500
5910ac8f-a1b2-4a7c-893f-e3ab15a32ff5,Vonerth Mk VI,1,0,3,1,2,3,2,0,1,0.483,0.400,0.400,0.667,0.600,0.167,0.667
5910ac8f-a1b2-4a7c-893f-e3ab15a32ff5,Quhiri Mk LVI,0,3,1,1,0,3,2,0,1,0.411,0.200,0.400,0.333,0.200,0.667,0.667
a7db5ed1-0960-46b3-9dd1-2bfb65e441d8,Hetov v6.85,4,1,0,4,4,5,3,0,1,0.750,1.000,1.000,0.167,1.000,0.333,1.000
a7db5ed1-0960-46b3-9dd1-2bfb65e441d8,Donus Mk LXXXVIII,2,3,5,0,4,5,3,0,1,0.744,0.600,0.200,1.000,1.000,0.667,1.000
a7db5ed1-0960-46b3-9dd1-2bfb65e441d8,Vanerth Mk XLVIII,2,3,4,2,4,2,3,0,1,0.700,0.600,0.600,0.833,1.000,0.667,0.500
a7db5ed1-0960-46b3-9dd1-2bfb65e441d8,Telara Mk VI,3,3,3,0,2,3,3,0,1,0.600,0.800,0.200,0.667,0.600,0.667,0.667
a7db5ed1-0960-46b3-9dd1-2bfb65e441d8,Luter,3,4,1,0,1,4,3,0,1,0.567,0.800,0.200,0.333,0.400,0.833,0.833
a7db5ed1-0960-46b3-9dd1-2bfb65e441d8,Ietania Mk LVII,3,1,4,1,0,3,3,0,1,0.539,0.800,0.400,0.833,0.200,0.333,0.667
6aa7f16f-f7e2-49d3-9931-e703aa03495f,Mutania,0,5,5,2,4,4,0,0,1,0.772,0.200,0.600,1.000,1.000,1.000,0.833
6aa7f16f-f7e2-49d3-9931-e703aa03495f,Paria v2.62,3,2,3,4,4,3,0,0,1,0.772,0.800,1.000,0.667,1.000,0.500,0.667
6aa7f16f-f7e2-49d3-9931-e703aa03495f,Canope v37.16,2,5,0,2,3,1,0,0,1,0.583,0.600,0.600,0.167,0.800,1.000,0.333
6aa7f16f-f7e2-49d3-9931-e703aa03495f,Rugantu Mk XLVIII,0,5,5,0,1,3,0,0,1,0.578,0.200,0.200,1.000,0.400,1.000,0.667
6aa7f16f-f7e2-49d3-9931-e703aa03495f,Mamia Mk LXIX,3,2,2,4,0,0,0,0,1,0.528,0.800,1.000,0.500,0.200,0.500,0.167
6aa7f16f-f7e2-49d3-9931-e703aa03495f,Luliv,1,0,2,2,1,4,0,0,1,0.483,0.400,0.600,0.500,0.400,0.167,0.833
69882634-dd70-4662-b960-5c4946fa4f76,Lelea,3,2,3,3,4,3,2,0,1,0.739,0.800,0.800,0.667,1.000,0.500,0.667
69882634-dd70-4662-b960-5c4946fa4f76,Xarilia,4,4,3,4,0,3,2,0,1,0.728,1.000,1.000,0.667,0.200,0.833,0.667
69882634-dd70-4662-b960-5c4946fa4f76,Naria Mk XLVII,2,3,2,1,2,5,2,0,1,0.628,0.600,0.400,0.500,0.600,0.667,1.000
69882634-dd70-4662-b960-5c4946fa4f76,Reyama,0,4,4,3,1,3,2,0,1,0.622,0.200,0.800,0.833,0.400,0.833,0.667
69882634-dd70-4662-b960-5c4946fa4f76,Rotov,1,0,3,4,1,1,2,0,1,0.494,0.400,1.000,0.667,0.400,0.167,0.333
69882634-dd70-4662-b960-5c4946fa4f76,Mapra,0,0,1,3,1,0,2,0,1,0.345,0.200,0.800,0.333,0.400,0.167,0.167
ffe598db-0a74-4f6e-893c-80aa6745a53f,Qerilia,2,2,2,4,3,5,1,0,1,0.733,0.600,1.000,0.500,0.800,0.500,1.000
ffe598db-0a74-4f6e-893c-80aa6745a53f,Jaturn,2,3,3,4,3,0,1,0,1,0.650,0.600,1.000,0.667,0.800,0.667,0.167
ffe598db-0a74-4f6e-893c-80aa6745a53f,Palia v7.83,1,3,3,2,2,2,1,0,1,0.572,0.400,0.600,0.667,0.600,0.667,0.500
ffe598db-0a74-4f6e-893c-80aa6745a53f,Nelara v49.59,3,3,1,3,0,2,1,0,1,0.550,0.800,0.800,0.333,0.200,0.667,0.500
ffe598db-0a74-4f6e-893c-80aa6745a53f,Vucury v7.1,1,2,0,2,4,2,1,0,1,0.528,0.400,0.600,0.167,1.000,0.500,0.500
ffe598db-0a74-4f6e-893c-80aa6745a53f,Lewei,0,0,1,0,3,3,1,0,1,0.395,0.200,0.200,0.333,0.800,0.167,0.667
74009c5f-5147-4e93-ac52-af89ce7ebf1a,Nunus,3,5,4,3,3,4,0,0,1,0.844,0.800,0.800,0.833,0.800,1.000,0.833
74009c5f-5147-4e93-ac52-af89ce7ebf1a,Culiv,3,3,0,3,4,3,0,0,1,0.683,0.800,0.800,0.167,1.000,0.667,0.667
74009c5f-5147-4e93-ac52-af89ce7ebf1a,Tacury,2,4,5,3,1,0,0,0,1,0.633,0.600,0.800,1.000,0.400,0.833,0.167
74009c5f-5147-4e93-ac52-af89ce7ebf1a,Hohiri Mk LXXVIII,3,3,3,0,0,0,0,0,1,0.450,0.800,0.200,0.667,0.200,0.667,0.167
74009c5f-5147-4e93-ac52-af89ce7ebf1a,Betania Mk LVII,0,2,2,0,1,4,0,0,1,0.439,0.200,0.200,0.500,0.400,0.500,0.833
74009c5f-5147-4e93-ac52-af89ce7ebf1a,Soter Mk XI,0,1,1,0,3,3,0,0,1,0.422,0.200,0.200,0.333,0.800,0.333,0.667
d4299cb1-06b2-4afd-8111-f183eabae149,Mowei,2,3,4,3,4,1,1,0,1,0.705,0.600,0.800,0.833,1.000,0.667,0.333
d4299cb1-06b2-4afd-8111-f183eabae149,Neclite Mk LXXV,2,3,2,3,2,5,1,0,1,0.695,0.600,0.800,0.500,0.600,0.667,1.000
d4299cb1-06b2-4afd-8111-f183eabae149,Wopra,0,2,4,4,2,5,1,0,1,0.689,0.200,1.000,0.833,0.600,0.500,1.000
d4299cb1-06b2-4afd-8111-f183eabae149,Yogawa v16.69,4,2,2,4,0,1,1,0,1,0.589,1.000,1.000,0.500,0.200,0.500,0.333
d4299cb1-06b2-4afd-8111-f183eabae149,Horus v23.16,4,1,0,1,4,2,1,0,1,0.567,1.000,0.400,0.167,1.000,0.333,0.500
d4299cb1-06b2-4afd-8111-f183eabae149,Vestea,3,4,0,2,2,0,1,0,1,0.528,0.800,0.600,0.167,0.600,0.833,0.167
22e4b050-3f31-4f48-b6fa-f748a2253e7c,Kulea,0,5,4,4,3,1,2,0,1,0.694,0.200,1.000,0.833,0.800,1.000,0.333
22e4b050-3f31-4f48-b6fa-f748a2253e7c,Qunerth Mk XXXII,3,5,4,1,2,0,2,0,1,0.633,0.800,0.400,0.833,0.600,1.000,0.167
22e4b050-3f31-4f48-b6fa-f748a2253e7c,Tupra Mk LVI,3,5,4,0,3,0,2,0,1,0.633,0.800,0.200,0.833,0.800,1.000,0.167
22e4b050-3f31-4f48-b6fa-f748a2253e7c,Vuhines v14.11,1,3,2,3,4,0,2,0,1,0.589,0.400,0.800,0.500,1.000,0.667,0.167
22e4b050-3f31-4f48-b6fa-f748a2253e7c,Xunia,0,4,4,3,0,2,2,0,1,0.561,0.200,0.800,0.833,0.200,0.833,0.500
22e4b050-3f31-4f48-b6fa-f748a2253e7c,Kelara,2,2,4,2,1,1,2,0,1,0.544,0.600,0.600,0.833,0.400,0.500,0.333
15fa4859-1c49-4916-81f6-839aa79c0c8f,Hutis,1,4,4,3,1,4,4,0,1,0.683,0.400,0.800,0.833,0.400,0.833,0.833
15fa4859-1c49-4916-81f6-839aa79c0c8f,Konov,3,5,4,0,0,3,4,0,1,0.617,0.800,0.200,0.833,0.200,1.000,0.667
15fa4859-1c49-4916-81f6-839aa79c0c8f,Palia,1,5,0,2,4,0,4,0,1,0.556,0.400,0.600,0.167,1.000,1.000,0.167
15fa4859-1c49-4916-81f6-839aa79c0c8f,Babos Mk XCVII,2,1,2,1,4,2,4,0,1,0.555,0.600,0.400,0.500,1.000,0.333,0.500
15fa4859-1c49-4916-81f6-839aa79c0c8f,Boter,1,3,3,1,3,0,4,0,1,0.517,0.400,0.400,0.667,0.800,0.667,0.167
15fa4859-1c49-4916-81f6-839aa79c0c8f,Jovis,3,0,1,2,2,2,4,0,1,0.500,0.800,0.600,0.333,0.600,0.167,0.500
aaa4ff61-e9cb-4b2b-a6e8-3cb8560796dc,Wabos,3,3,2,2,2,2,4,0,1,0.611,0.800,0.600,0.500,0.600,0.667,0.500
aaa4ff61-e9cb-4b2b-a6e8-3cb8560796dc,Rocury v27.26,2,4,3,0,2,3,4,0,1,0.595,0.600,0.200,0.667,0.600,0.833,0.667
aaa4ff61-e9cb-4b2b-a6e8-3cb8560796dc,Joria,2,1,2,2,2,2,4,0,1,0.522,0.600,0.600,0.500,0.600,0.333,0.500
aaa4ff61-e9cb-4b2b-a6e8-3cb8560796dc,Zetune v48.52,1,0,3,1,2,2,4,0,1,0.456,0.400,0.400,0.667,0.600,0.167,0.500
aaa4ff61-e9cb-4b2b-a6e8-3cb8560796dc,Vopra,0,0,4,4,0,0,4,0,1,0.428,0.200,1.000,0.833,0.200,0.167,0.167
aaa4ff61-e9cb-4b2b-a6e8-3cb8560796dc,Koter,0,2,3,1,0,0,4,0,1,0.356,0.200,0.400,0.667,0.200,0.500,0.167
05abf4de-a8ef-482a-8fda-349617945ffc,Qecury,4,2,4,3,4,5,2,0,1,0.856,1.000,0.800,0.833,1.000,0.500,1.000
05abf4de-a8ef-482a-8fda-349617945ffc,Necarro Mk XIX,4,5,4,0,4,4,2,0,1,0.811,1.000,0.200,0.833,1.000,1.000,0.833
05abf4de-a8ef-482a-8fda-349617945ffc,Gaturn,4,5,5,1,0,4,2,0,1,0.739,1.000,0.400,1.000,0.200,1.000,0.833
05abf4de-a8ef-482a-8fda-349617945ffc,Daruta,2,4,0,4,1,3,2,0,1,0.611,0.600,1.000,0.167,0.400,0.833,0.667
05abf4de-a8ef-482a-8fda-349617945ffc,Votune,1,4,4,0,3,2,2,0,1,0.594,0.400,0.200,0.833,0.800,0.833,0.500
05abf4de-a8ef-482a-8fda-349617945ffc,Duturn,0,1,0,1,4,3,2,0,1,0.461,0.200,0.400,0.167,1.000,0.333,0.667
4511a875-11df-4be7-aa0e-1be80b498425,Fustea,1,2,3,2,3,5,5,0,1,0.661,0.400,0.600,0.667,0.800,0.500,1.000
4511a875-11df-4be7-aa0e-1be80b498425,Tewei,4,1,1,0,3,5,5,0,1,0.611,1.000,0.200,0.333,0.800,0.333,1.000
4511a875-11df-4be7-aa0e-1be80b498425,Hucury Mk LII,2,2,3,1,4,1,5,0,1,0.583,0.600,0.400,0.667,1.000,0.500,0.333
4511a875-11df-4be7-aa0e-1be80b498425,Ionov,2,3,0,4,3,0,5,0,1,0.567,0.600,1.000,0.167,0.800,0.667,0.167
4511a875-11df-4be7-aa0e-1be80b498425,Homia Mk LXVI,1,1,1,3,1,5,5,0,1,0.544,0.400,0.800,0.333,0.400,0.333,1.000
4511a875-11df-4be7-aa0e-1be80b498425,Generth,1,2,1,0,1,0,5,0,1,0.333,0.400,0.200,0.333,0.400,0.500,0.167
86ec9f5a-494a-4b97-b354-eb8288e0cb01,Wunerth,3,2,4,2,2,3,1,0,1,0.667,0.800,0.600,0.833,0.600,0.500,0.667
86ec9f5a-494a-4b97-b354-eb8288e0cb01,Rabos v13.11,3,3,3,2,0,5,1,0,1,0.656,0.800,0.600,0.667,0.200,0.667,1.000
86ec9f5a-494a-4b97-b354-eb8288e0cb01,Rorus,0,3,5,2,2,1,1,0,1,0.567,0.200,0.600,1.000,0.600,0.667,0.333
86ec9f5a-494a-4b97-b354-eb8288e0cb01,Votera Mk XXXII,3,2,2,3,0,0,1,0,1,0.494,0.800,0.800,0.500,0.200,0.500,0.167
86ec9f5a-494a-4b97-b354-eb8288e0cb01,Xelia,0,5,3,1,0,1,1,0,1,0.467,0.200,0.400,0.667,0.200,1.000,0.333
86ec9f5a-494a-4b97-b354-eb8288e0cb01,Janov,1,0,1,0,0,2,1,0,1,0.300,0.400,0.200,0.333,0.200,0.167,0.500
70f7e5cd-e4fa-4d67-8309-1eb399fbdf54,Haclite,4,4,0,4,4,3,0,0,1,0.778,1.000,1.000,0.167,1.000,0.833,0.667
70f7e5cd-e4fa-4d67-8309-1eb399fbdf54,Xurilia,4,2,2,2,2,2,0,0,1,0.617,1.000,0.600,0.500,0.600,0.500,0.500
70f7e5cd-e4fa-4d67-8309-1eb399fbdf54,Nugantu,4,0,0,2,3,4,0,0,1,0.595,1.000,0.600,0.167,0.800,0.167,0.833
70f7e5cd-e4fa-4d67-8309-1eb399fbdf54,Velia,4,5,0,3,0,1,0,0,1,0.583,1.000,0.800,0.167,0.200,1.000,0.333
70f7e5cd-e4fa-4d67-8309-1eb399fbdf54,Kolara,0,1,5,1,1,2,0,0,1,0.472,0.200,0.400,1.000,0.400,0.333,0.500
70f7e5cd-e4fa-4d67-8309-1eb399fbdf54,Donus,1,2,0,0,3,0,0,0,1,0.372,0.400,0.200,0.167,0.800,0.500,0.167
847db217-2bb3-4f71-9464-23b82e775772,Heter,0,4,3,2,4,5,2,0,1,0.717,0.200,0.600,0.667,1.000,0.833,1.000
847db217-2bb3-4f71-9464-23b82e775772,Jenov v38.85,4,3,3,1,3,1,2,0,1,0.644,1.000,0.400,0.667,0.800,0.667,0.333
847db217-2bb3-4f71-9464-23b82e775772,Fuvis,3,2,4,0,1,5,2,0,1,0.622,0.800,0.200,0.833,0.400,0.500,1.000
847db217-2bb3-4f71-9464-23b82e775772,Yulia Mk I,4,0,3,1,2,4,2,0,1,0.611,1.000,0.400,0.667,0.600,0.167,0.833
847db217-2bb3-4f71-9464-23b82e775772,Koruta,1,2,3,1,3,0,2,0,1,0.489,0.400,0.400,0.667,0.800,0.500,0.167
847db217-2bb3-4f71-9464-23b82e775772,Hamia,1,0,4,1,0,3,2,0,1,0.444,0.400,0.400,0.833,0.200,0.167,0.667
84e3160e-c410-4f6b-8315-92b0cd3d56d5,Gustea,2,0,2,3,4,3,1,0,1,0.622,0.600,0.800,0.500,1.000,0.167,0.667
84e3160e-c410-4f6b-8315-92b0cd3d56d5,Vezuno,3,0,2,2,2,5,1,0,1,0.611,0.800,0.600,0.500,0.600,0.167,1.000
84e3160e-c410-4f6b-8315-92b0cd3d56d5,Kutune Mk VIII,3,0,2,4,2,2,1,0,1,0.594,0.800,1.000,0.500,0.600,0.167,0.500
84e3160e-c410-4f6b-8315-92b0cd3d56d5,Talea Mk XLVI,0,3,3,4,3,0,1,0,1,0.583,0.200,1.000,0.667,0.800,0.667,0.167
84e3160e-c410-4f6b-8315-92b0cd3d56d5,Nayama,4,3,4,0,1,1,1,0,1,0.572,1.000,0.200,0.833,0.400,0.667,0.333
84e3160e-c410-4f6b-8315-92b0cd3d56d5,Legawa,3,0,1,0,0,1,1,0,1,0.339,0.800,0.200,0.333,0.200,0.167,0.333
dcaea432-65da-4b71-ad4c-ee12623e16b8,Sacarro,4,5,5,1,2,4,0,0,1,0.805,1.000,0.400,1.000,0.600,1.000,0.833
dcaea432-65da-4b71-ad4c-ee12623e16b8,Gonov,3,2,2,2,4,2,0,0,1,0.650,0.800,0.600,0.500,1.000,0.500,0.500
dcaea432-65da-4b71-ad4c-ee12623e16b8,Bephus Mk XLVIII,4,1,4,2,2,1,0,0,1,0.617,1.000,0.600,0.833,0.600,0.333,0.333
dcaea432-65da-4b71-ad4c-ee12623e16b8,Locarro Mk XXXVI,1,3,4,1,0,2,0,0,1,0.500,0.400,0.400,0.833,0.200,0.667,0.500
dcaea432-65da-4b71-ad4c-ee12623e16b8,Tanerth,0,0,3,3,3,0,0,0,1,0.467,0.200,0.800,0.667,0.800,0.167,0.167
dcaea432-65da-4b71-ad4c-ee12623e16b8,Paphus v31.14,3,3,1,0,2,0,0,0,1,0.461,0.800,0.200,0.333,0.600,0.667,0.167
c41f304a-f47d-461e-9b35-f24ecc4c0c18,Tarus Mk LXXVIII,4,4,3,4,4,3,1,0,1,0.861,1.000,1.000,0.667,1.000,0.833,0.667
c41f304a-f47d-461e-9b35-f24ecc4c0c18,Mepra,2,3,1,4,4,4,1,0,1,0.739,0.600,1.000,0.333,1.000,0.667,0.833
c41f304a-f47d-461e-9b35-f24ecc4c0c18,Xutis,2,0,3,4,3,5,1,0,1,0.706,0.600,1.000,0.667,0.800,0.167,1.000
c41f304a-f47d-461e-9b35-f24ecc4c0c18,Nunides,3,3,5,4,1,0,1,0,1,0.672,0.800,1.000,1.000,0.400,0.667,0.167
c41f304a-f47d-461e-9b35-f24ecc4c0c18,Mocarro,1,4,5,1,3,0,1,0,1,0.600,0.400,0.400,1.000,0.800,0.833,0.167
c41f304a-f47d-461e-9b35-f24ecc4c0c18,Mehines,4,0,0,0,3,4,1,0,1,0.528,1.000,0.200,0.167,0.800,0.167,0.833
efcae47b-f68f-465d-bb1a-b5e562a1cda0,Xecury,2,4,2,4,2,5,3,0,1,0.756,0.600,1.000,0.500,0.600,0.833,1.000
efcae47b-f68f-465d-bb1a-b5e562a1cda0,Mapra,1,5,0,4,3,4,3,0,1,0.700,0.400,1.000,0.167,0.800,1.000,0.833
efcae47b-f68f-465d-bb1a-b5e562a1cda0,Jawei v28.11,2,3,3,0,2,2,3,0,1,0.539,0.600,0.200,0.667,0.600,0.667,0.500
efcae47b-f68f-465d-bb1a-b5e562a1cda0,Wepra,0,1,2,4,0,3,3,0,1,0.483,0.200,1.000,0.500,0.200,0.333,0.667
efcae47b-f68f-465d-bb1a-b5e562a1cda0,Leliv,2,0,3,1,0,4,3,0,1,0.478,0.600,0.400,0.667,0.200,0.167,0.833
efcae47b-f68f-465d-bb1a-b5e562a1cda0,Telea,1,0,1,3,2,2,3,0,1,0.467,0.400,0.800,0.333,0.600,0.167,0.500
d24640be-82d4-4606-b593-57d28c2686db,Bathea,1,2,3,2,3,3,1,0,1,0.606,0.400,0.600,0.667,0.800,0.500,0.667
d24640be-82d4-4606-b593-57d28c2686db,Canus,0,1,2,4,2,3,1,0,1,0.550,0.200,1.000,0.500,0.600,0.333,0.667
d24640be-82d4-4606-b593-57d28c2686db,Weter,1,1,2,3,0,3,1,0,1,0.483,0.400,0.800,0.500,0.200,0.333,0.667
d24640be-82d4-4606-b593-57d28c2686db,Hunerth,1,4,0,1,2,1,1,0,1,0.456,0.400,0.400,0.167,0.600,0.833,0.333
d24640be-82d4-4606-b593-57d28c2686db,Cerilia,3,0,2,1,1,1,1,0,1,0.433,0.800,0.400,0.500,0.400,0.167,0.333
d24640be-82d4-4606-b593-57d28c2686db,Yacury,2,0,1,1,1,3,1,0,1,0.428,0.600,0.400,0.333,0.400,0.167,0.667
